family,batch_size,mode,seconds,systems_per_second,speedup_over_active,speedup_over_fifo,model_evaluations,graph_evaluations,mean_active_occupancy,peak_allocated_GiB,peak_reserved_GiB,refill_events,slot_events,repack_events,arena_events,complete_compatible_matches,refill_phase_seconds,neighbor_phase_seconds,all_jobs_converged,max_energy_difference_meV_per_atom,max_position_component_difference_A,max_cell_component_difference_A,max_step_difference,convergence_mismatches,endpoint_gate_pass
ROFA-MIX,32,active,44.52869143499993,5.7491022473384845,1.0,,573,13439,1.0,10.686307907104492,12.044921875,0,0,0,0,0,0,2.1354040670134116,True,0.0,0.0,0.0,0,0,True
ROFA-MIX,32,compatible_slots,43.157414193003206,5.931773364714316,1.031773850858262,1.006054479696601,463,13439,0.9070599352051836,10.590069770812988,11.92578125,61,26,35,0,26,0.45963804745674125,2.629756000796334,True,0.0010052242794552364,0.0037488937377929688,0.0005235671997070312,0,0,True
ROFA-MIX,32,fifo_slots,43.41870988099254,5.896075694134557,1.0255645908653153,1.0,463,13439,0.9070599352051836,10.590069770812988,11.92578125,61,26,35,0,0,0.4620717103481292,2.6507828809432685,True,0.0010052242794552364,0.0037488937377929688,0.0005235671997070312,0,0,True
ROFA-MIX,32,threshold_arena,44.203379382001,5.79141241188088,1.0073594385213767,0.9822486535649813,518,13442,0.8109314671814671,10.639100551605225,11.984375,43,0,0,43,0,0.38920080101490007,2.3120377682112143,True,0.04817344046927787,0.0344696044921875,0.00275421142578125,3,0,True
ROFA-MIX,64,active,39.137031256002956,6.541119542906922,1.0,,357,13439,1.0,20.904017448425293,23.56640625,0,0,0,0,0,0,1.4823112612254923,True,0.0,0.0,0.0,0,0,True
ROFA-MIX,64,compatible_slots,37.40583976999915,6.843851162655126,1.0462813158760385,0.9895456444128359,259,13445,0.8111124517374517,20.686981678009033,23.298828125,29,0,29,0,0,0.48307174301147443,1.6671815007403488,True,0.04662694157780828,0.02313995361328125,0.0021343231201171875,4,0,True
ROFA-MIX,64,fifo_slots,37.01478582000709,6.91615510744433,1.0573350727008328,1.0,259,13445,0.8111124517374517,20.686981678009033,23.298828125,29,0,29,0,0,0.4567986257076263,1.6134632269721472,True,0.04662694157780828,0.02313995361328125,0.0021343231201171875,4,0,True
ROFA-MIX,64,threshold_arena,37.07165728000109,6.905545065504891,1.055713019798445,0.9984659045705874,265,13438,0.7923349056603773,19.267083168029785,21.728515625,24,0,0,24,0,0.32062998688220967,1.4982233280763035,True,0.013699402680268159,0.005153656005859375,0.0005054473876953125,1,0,True
ROFA-MIX,128,active,36.509171704004984,7.011936673762372,1.0,,248,13439,0.27393353174603174,36.583008766174316,40.923828125,0,0,0,0,0,0,1.2118474218919877,True,0.0,0.0,0.0,0,0,True
ROFA-MIX,128,compatible_slots,35.61391037100111,7.188202512253468,1.025137967824304,0.9963682600518506,189,13429,0.5551008597883598,36.45911645889282,41.09765625,17,0,17,0,0,0.376596218585968,1.2904793231971565,True,0.12429984840186867,0.06594371795654297,0.0051441192626953125,8,0,True
ROFA-MIX,128,fifo_slots,35.484569909996935,7.2144033490984505,1.0288745727116562,1.0,189,13429,0.5551008597883598,36.45911645889282,41.09765625,17,0,17,0,0,0.36653350520133976,1.2678515552058818,True,0.12429984840186867,0.06594371795654297,0.0051441192626953125,8,0,True
ROFA-MIX,128,threshold_arena,35.44892783499381,7.221657060874115,1.029909053214426,1.0010054486039472,189,13444,0.5557208994708994,33.91123008728027,38.201171875,20,0,0,20,0,0.3625439394712449,1.2189109766744077,True,0.04783836570945946,0.03485107421875,0.00274658203125,3,0,True
SOXLEX48,64,active,28.810766402995796,8.885567166772095,1.0,,540,11971,0.4533547794117647,4.955596446990967,5.578125,0,0,0,0,0,0,3.059505212198944,True,0.0,0.0,0.0,0,0,True
SOXLEX48,64,compatible_slots,20.16661777900299,12.694245649190673,1.4286365080510868,1.016373805941083,272,11952,0.6865808823529411,5.015461444854736,5.638671875,142,96,46,0,96,0.9126867520809174,2.693749213431031,True,3.225038448969523,0.5378208160400391,0.3457956314086914,18,0,True
SOXLEX48,64,fifo_slots,20.49682206500438,12.48974105293553,1.4056211402735637,1.0,272,11952,0.6865808823529411,5.015461444854736,5.638671875,142,96,46,0,0,0.9667287082672119,2.7885200685411684,True,3.225038448969523,0.5378208160400391,0.3457956314086914,18,0,True
SOXLEX48,64,threshold_arena,22.56897119199857,11.343007079151231,1.2765653408787256,0.9081859288415932,293,11980,0.6388651877133106,4.911584854125977,5.51953125,154,0,0,154,0,2.5666718401908866,2.726931682672351,True,6.415406862894694,0.7171578407287598,0.34590721130371094,24,0,False
SOXLEX48,128,active,22.63610933900054,11.309363997413136,1.0,,315,11970,0.2597939311594203,8.925069808959961,9.640625,0,0,0,0,0,0,2.445047069959342,True,0.0,0.0,0.0,0,0,True
SOXLEX48,128,compatible_slots,19.32224626399693,13.248977189417353,1.1715050636311535,0.9965774186864015,213,11952,0.43838028169014087,8.704405307769775,9.40625,104,35,69,0,35,1.759291721820831,2.3329176607616255,True,3.224144379297892,0.5379924774169922,0.3456754684448242,18,0,True
SOXLEX48,128,fifo_slots,19.256114304997027,13.294478623528274,1.1755284051843415,1.0,213,11952,0.43838028169014087,8.704405307769775,9.40625,104,35,69,0,0,1.7687703940868373,2.355324382789434,True,3.224144379297892,0.5379924774169922,0.3456754684448242,18,0,True
SOXLEX48,128,threshold_arena,20.22002634400269,12.66071545331741,1.1194896066846356,0.9523288435629778,217,11970,0.4309475806451613,8.72310495376587,9.427734375,113,0,0,113,0,2.7110960410833362,2.2905218578167257,True,0.08530418078104655,0.030989646911621094,0.019344329833984375,1,0,True
