optimizer,model,atoms,batch_size,method,wall_time_s,systems_per_second,peak_allocated_GiB,peak_reserved_or_device_GiB,model_evaluations,graph_evaluations,neighbor_rebuilds,converged
bfgs,atombit,46,,mps32,72.85380778787658,3.5138863399614966,,31.640625,30280,,,256
bfgs,atombit,276,,mps32,132.3680642945692,1.9340012363579089,,52.7490234375,18664,,,256
bfgs,atombit,46,32,active,108.45878889085725,2.3603435241897675,2.1972928047180176,2.494140625,2136,30400,1072,256
bfgs,atombit,46,32,repack,84.81371146300808,3.0183798773109425,2.3129968643188477,2.611328125,1129,30387,928,256
bfgs,atombit,46,32,slots,81.65929389838129,3.134976899488897,2.3104357719421387,2.611328125,1129,30350,926,256
bfgs,atombit,46,64,active,79.26626964984462,3.2296208857925213,4.329769134521484,4.875,1076,30348,540,256
bfgs,atombit,46,64,repack,69.21982368687168,3.698362497397596,4.538438320159912,5.111328125,670,30372,530,256
bfgs,atombit,46,64,slots,66.61329964594916,3.8430764030703246,4.533363342285156,5.111328125,663,30380,527,256
bfgs,atombit,46,128,active,60.547751523088664,4.228067823499268,8.594736099243164,9.291015625,548,30400,292,256
bfgs,atombit,46,128,repack,60.97728794440627,4.1982844536050585,9.048144817352295,9.798828125,422,30376,314,256
bfgs,atombit,46,128,slots,62.85116106690839,4.0731148900729846,9.03754186630249,10.072265625,421,30379,316,256
bfgs,atombit,276,32,active,127.17392221326008,2.0129913078461894,11.568797588348389,12.998046875,1480,18624,584,256
bfgs,atombit,276,32,repack,103.28612450277433,2.478551705104626,12.268980979919434,13.78125,657,18614,528,256
bfgs,atombit,276,32,slots,100.91968866530806,2.536670528671597,12.25537633895874,13.76171875,657,18649,525,256
bfgs,atombit,276,64,active,102.94199720490724,2.486837315682044,23.072793006896973,24.900390625,740,18732,300,256
bfgs,atombit,276,64,repack,97.5938324262388,2.623116580583965,24.365426063537598,27.30859375,398,18643,314,256
bfgs,atombit,276,64,slots,94.38451805897057,2.712309235292737,24.338103771209717,27.26953125,398,18644,314,256
bfgs,atombit,276,128,active,92.66237184870988,2.7627179716268424,46.0807843208313,49.814453125,370,18664,148,256
bfgs,atombit,276,128,repack,93.30310312798247,2.743745828569588,48.63380241394043,54.52734375,268,18738,192,256
bfgs,atombit,276,128,slots,92.54349274281412,2.766266891519264,48.57949924468994,54.48828125,268,18701,192,256
bfgs,mace,46,,mps32,81.42130290577188,3.144140303137453,,31.640625,37376,,,256
bfgs,mace,276,,mps32,152.25850064493716,1.681351116132329,,52.7490234375,23488,,,256
bfgs,mace,46,32,active,119.508195893839,2.1421124976851695,2.165591239929199,2.482421875,2104,37408,0,256
bfgs,mace,46,32,repack,92.88843993330374,2.7559941816636657,2.185490608215332,2.50390625,1295,37408,0,256
bfgs,mace,46,32,slots,90.35276525467634,2.833338849988881,2.185373306274414,2.50390625,1295,37408,0,256
bfgs,mace,46,64,active,86.29587043495849,2.966538244642287,4.261478424072266,4.88671875,1052,37408,0,256
bfgs,mace,46,64,repack,80.1038227812387,3.1958524713499483,4.298323154449463,4.92578125,731,37408,0,256
bfgs,mace,46,64,slots,78.65119464602321,3.254877451666832,4.298094272613525,4.92578125,731,37408,0,256
bfgs,mace,46,128,active,74.76701090531424,3.423969968843628,8.453282833099365,9.662109375,526,37408,0,256
bfgs,mace,46,128,repack,74.04501916700974,3.457356117669277,8.529603481292725,9.763671875,450,37408,0,256
bfgs,mace,46,128,slots,74.11931176576763,3.4538906784376655,8.529149055480957,9.76171875,450,37408,0,256
bfgs,mace,276,32,active,187.8317847577855,1.3629216180324293,12.690874576568604,14.453125,2115,23249,0,256
bfgs,mace,276,32,repack,158.00353714218363,1.620216892800518,12.778265476226807,14.666015625,877,23080,0,256
bfgs,mace,276,32,slots,157.54633964085951,1.6249187418988857,12.780471801757812,14.6484375,878,23063,0,256
bfgs,mace,276,64,active,154.0091477748938,1.6622389234578474,25.31204319000244,28.73046875,1050,21682,0,256
bfgs,mace,276,64,repack,147.96699798991904,1.7301155222290936,25.416191577911377,29.19921875,518,22650,0,256
bfgs,mace,276,64,slots,148.81230920087546,1.7202877999456105,25.426908016204834,29.23828125,490,22923,0,256
bfgs,mace,276,128,active,143.84144652308896,1.7797373857673748,50.55440425872803,57.388671875,473,22518,0,256
bfgs,mace,276,128,repack,144.9226579288952,1.766459459538782,50.638930320739746,57.63671875,348,22680,0,256
bfgs,mace,276,128,slots,145.31910777883604,1.7616403232368543,50.62954139709473,57.6171875,361,22850,0,256
fire,atombit,46,,mps32,121.009034645278,2.115544519055376,,31.28125,46376,,,256
fire,atombit,46,32,active,282.6280345269479,0.9057841711579784,2.1905622482299805,2.47265625,7544,47304,432,256
fire,atombit,46,32,slots,116.0744818719104,2.2054804455857844,2.224066734313965,2.51171875,2091,46842,556,256
fire,atombit,46,128,active,114.73151447996497,2.2312962672928376,8.567800045013428,9.267578125,1848,46724,120,256
fire,atombit,46,128,slots,90.24968948820606,2.836574856398308,8.558811664581299,9.271484375,1035,46779,248,256
fire,atombit,276,,mps32,79.13508876040578,3.234974573353689,,31.28125,17776,,,256
fire,atombit,276,32,active,92.90113219199702,2.7556176545935913,11.401691436767578,12.314453125,928,17776,144,256
fire,atombit,276,32,slots,87.40456748520955,2.928908721427171,11.63138484954834,12.572265625,623,17776,278,256
fire,atombit,276,128,active,76.38512337300926,3.351437933141544,45.41233682632446,49.14453125,232,17808,36,256
fire,atombit,276,128,slots,77.78356504719704,3.2911836818570332,45.97285509109497,49.775390625,223,17808,87,256
fire,mace,46,,mps32,112.02765380498022,2.2851500616593245,,31.28125,49088,,,256
fire,mace,46,32,active,314.7846950972453,0.8132542782008981,2.160167694091797,2.482421875,7896,49120,0,256
fire,mace,46,32,slots,123.29219528194517,2.076368251977167,2.1614294052124023,2.482421875,2165,49120,0,256
fire,mace,46,128,active,121.67920999182388,2.1038926864926366,8.43159818649292,9.642578125,1974,49120,0,256
fire,mace,46,128,slots,97.81103206099942,2.617291675650112,8.432315349578857,9.642578125,1117,49120,0,256
fire,mace,276,,mps32,76.30169128859416,3.3551025629528577,,31.28125,18584,,,256
fire,mace,276,32,active,124.98689868301153,2.048214674477686,12.522175312042236,14.296875,1192,18616,0,256
fire,mace,276,32,slots,112.35708658117801,2.278449965103358,12.529229640960693,14.296875,694,18616,0,256
fire,mace,276,128,active,106.07434780104086,2.4134015933821087,49.87960433959961,56.640625,298,18616,0,256
fire,mace,276,128,slots,106.30565114319324,2.408150434591376,49.88364887237549,56.640625,258,18616,0,256
bfgslinesearch,atombit,46,128,active,149.2011085608974,1.715804945882905,8.595001697540283,9.28515625,962,56426,460,256
bfgslinesearch,atombit,46,,mps32,206.00078932521865,1.2427136849259657,,31.640625,130248,,,256
bfgslinesearch,atombit,276,128,active,184.42541768262163,1.3880949991424247,46.085659980773926,49.8125,600,35032,210,256
bfgslinesearch,atombit,276,,mps32,238.3344149691984,1.0741209994078473,,31.640625,74320,,,256
bfgslinesearch,mace,46,128,active,164.35962628992274,1.5575601245796695,8.452845096588135,9.662109375,892,68144,0,256
bfgslinesearch,mace,46,,mps32,195.15329736704007,1.3117892623588152,,31.640625,86552,,,256
bfgslinesearch,mace,276,128,active,262.710638478864,0.9744561601398419,50.55200481414795,57.310546875,833,39944,0,256
bfgslinesearch,mace,276,,mps32,212.38229504181072,1.205373545613124,,31.640625,49016,,,256
