model,task,pool_size,workload_id,method,batch_size,status,wall_time_s,end_to_end_time_s,speedup_vs_ase_b1_measured,speedup_vs_ase_b1_derived,speedup_reference,speedup_vs_ase_b1_end_to_end,throughput_per_s,atoms_per_s,peak_allocated_GB,peak_reserved_GB,gpu_memory_GB,memory_gate_fraction,model_time_s,neighbor_search_time_s,graph_update_time_s,mean_directed_edges_per_system,mean_candidate_edges_per_system,neighbor_rebuild_events,rebuilt_systems,max_energy_error_eV_per_atom,max_force_error_eV_per_A,endpoint_position_rmsd_A_max,endpoint_velocity_rmsd_A_per_fs_max,max_abs_energy_drift_eV_per_atom,mean_abs_energy_drift_eV_per_atom,validation_pass,concurrent_workers,torch_cpu_threads,source_status
AtomBit,eval,256,EVAL-H46-R256-v1,ase_b1,1,passed,5.6267785262316465,7.145295879337937,,,,,45.496725845267584,2092.849388882309,0.153703936,0.16777216,85.01788672,0.0019733748564292708,5.62624462890625,0.0,0.0,,,0,0,,,,,,,,,,passed
AtomBit,eval,256,EVAL-H46-R256-v1,native_batch,32,passed,1.0294196638278663,1.5046581248752773,5.465971482717396,,measured_same_workload,4.748783634774323,248.68380602724417,11439.455077253231,2.336291328,2.604662784,85.01788672,0.030636644646064422,0.19045100784301755,0.6986424674987791,0.39468156814575195,1628.8125,1628.8125,16,512,1.0366025178328804e-07,6.794929504394531e-06,,,,,True,,,passed
AtomBit,eval,256,EVAL-H46-R256-v1,native_batch,64,passed,0.9872821196913719,1.4348613861948252,5.6992610460631035,,measured_same_workload,4.979781286251542,259.297717333346,11927.694997333914,4.618169344,5.12753664,85.01788672,0.06031126904961958,0.1635678358078003,0.7032943038940429,0.38716371154785156,1628.8125,1628.8125,8,512,1.1402627696161685e-07,5.7220458984375e-06,,,,,True,,,passed
AtomBit,eval,256,EVAL-H46-R256-v1,native_batch,128,passed,0.9715786161832511,1.412277183495462,5.791377488664664,,measured_same_workload,5.05941465516914,263.4887138682305,12120.480837938603,9.127479808,10.095689728,85.01788672,0.11874783198563135,0.15615379333496093,0.7063317413330079,0.38682563781738283,1628.8125,1628.8125,4,512,1.1402627696161685e-07,6.4373016357421875e-06,,,,,True,,,passed
AtomBit,eval,256,EVAL-H46-R256-v1,native_batch,256,passed,0.952430035918951,1.3793833870440722,5.907812977362328,,measured_same_workload,5.180065199023337,268.78614737616783,12364.16277930372,18.17134592,20.078133248,85.01788672,0.23616363594317297,0.14821196365356445,0.7042946166992188,0.382177490234375,1628.8125,1628.8125,2,512,1.1402627325443736e-07,5.125999450683594e-06,,,,,True,,,passed
AtomBit,eval,256,EVAL-H276-R256-v1,ase_b1,1,passed,7.077129296027124,16.292873406782746,,,,,36.172858978810844,9983.709078151793,0.539405312,1.002438656,85.01788672,0.011790914767164892,7.07675341796875,0.0,0.0,,,0,0,,,,,,,,,,passed
AtomBit,eval,256,EVAL-H276-R256-v1,native_batch,32,passed,3.200964172836393,12.421422204002738,2.2109367408995517,,measured_same_workload,1.3116753572334456,79.97590293963113,22073.34921133819,12.1836928,13.981712384,85.01788672,0.16445612709767432,0.8013287315368652,2.2400528564453124,1.1694257049560548,8694.75,8694.75,16,512,2.349632398469059e-07,9.059906005859375e-06,,,,,True,,,passed
AtomBit,eval,256,EVAL-H276-R256-v1,native_batch,64,passed,3.1991406651213765,12.448424664326012,2.212196973138915,,measured_same_workload,1.3088301408509895,80.02148914270616,22085.9310033869,24.275830784,26.931625984,85.01788672,0.31677599882830865,0.7835964584350587,2.2634756774902347,1.1729198608398437,8694.75,8694.75,8,512,1.7967776975769928e-07,7.3909759521484375e-06,,,,,True,,,passed
AtomBit,eval,256,EVAL-H276-R256-v1,native_batch,128,passed,3.182165330275893,12.41809889441356,2.2239979892602055,,measured_same_workload,1.312026385464872,80.44836563466828,22203.748915168446,48.482006528,56.075747328,85.01788672,0.6595758785757783,0.7771510925292968,2.2624088134765623,1.1700607299804688,8694.75,8694.75,4,512,1.7967777964351125e-07,8.761882781982422e-06,,,,,True,,,passed
AtomBit,eval,256,EVAL-H276-R256-v1,native_batch,256,oom,,,,,,,,,,,85.01788672,,0,0.0,0.0,,,0,0,,,,,,,,,,oom
AtomBit,eval,256,EVAL-MIX-R256-v1,ase_b1,1,passed,6.52763345092535,16.12087854743004,,,,,39.217888370204015,,0.539405312,0.98566144,85.01788672,0.011593577281521964,6.52730078125,0.0,0.0,,,0,0,,,,,,,,,,passed
AtomBit,eval,256,EVAL-MIX-R256-v1,native_batch,32,passed,2.099521477241069,11.683442269917578,3.1091053469494185,,measured_same_workload,1.3798055551605652,121.93254642786673,,7.3476608,13.635682304,85.01788672,0.16038604145628896,0.49064544486999506,1.4639126663208006,0.7803223419189453,5161.78125,5161.78125,16,512,1.658563979103549e-07,9.357929229736328e-06,,,,,True,,,passed
AtomBit,eval,256,EVAL-MIX-R256-v1,native_batch,64,passed,2.064383280929178,11.548489475157112,3.1620259237844945,,measured_same_workload,1.3959296219742818,124.00797970267155,,14.434113536,16.70381568,85.01788672,0.19647413414323928,0.4721433639526367,1.4602658996582032,0.7679435119628907,5161.78125,5161.78125,8,512,1.5203504501081677e-07,1.0192394256591797e-05,,,,,True,,,passed
AtomBit,eval,256,EVAL-MIX-R256-v1,native_batch,128,passed,2.0436132200993598,11.509796043857932,3.1941628615066304,,measured_same_workload,1.4006224337947983,125.26832253881847,,28.805723136,33.315356672,85.01788672,0.3918629121154424,0.4635533065795899,1.4597005004882813,0.7664191589355469,5161.78125,5161.78125,4,512,1.7967776069570496e-07,8.58306884765625e-06,,,,,True,,,passed
AtomBit,eval,256,EVAL-MIX-R256-v1,native_batch,256,passed,2.046044336166233,11.495959636289626,3.190367547536373,,measured_same_workload,1.402308207184444,125.11947833920303,,57.46939392,66.601353216,85.01788672,0.7833804836310098,0.4606745147705078,1.4651226806640625,0.7657566528320312,5161.78125,5161.78125,2,512,1.796777598718873e-07,8.404254913330078e-06,,,,,True,,,passed
AtomBit,eval,32,EVAL-H46-R32-v1,ase_b1,1,passed,0.6749217086471617,2.170428443700075,,,,,47.41290669719603,2180.9937080710174,0.153703936,0.16777216,85.01788672,0.0019733748564292708,0.6745924072265626,0.0,0.0,,,0,0,,,,,,,,,,passed
AtomBit,eval,32,EVAL-H46-R32-v1,native_batch,8,passed,0.18437974201515317,0.6275522620417178,3.66049817225416,,measured_same_workload,3.458562059259682,173.55485830634308,7983.523482091781,0.661851136,0.725614592,85.01788672,0.008534846254056596,0.06443926525115967,0.08843110370635987,0.052846431732177734,1628.8125,1628.8125,8,64,1.3475832731827445e-07,3.337860107421875e-06,,,,,True,,,passed
AtomBit,eval,32,EVAL-H46-R32-v1,native_batch,16,passed,0.14723784802481532,0.5712461452931166,4.583887347588855,,measured_same_workload,3.799462738757545,217.3354231216878,9997.429463597638,1.22142208,1.413480448,85.01788672,0.016625683165416606,0.03795775985717774,0.08737196731567382,0.0501845760345459,1628.8125,1628.8125,4,64,9.329421919060026e-08,3.814697265625e-06,,,,,True,,,passed
AtomBit,eval,32,EVAL-H46-R32-v1,native_batch,32,passed,0.1298670032992959,0.5516527504660189,5.197022272791759,,measured_same_workload,3.9344106267331496,246.40593212312533,11334.672877663765,2.333043712,2.596274176,85.01788672,0.03053797590324296,0.026517024040222166,0.08712179183959962,0.04874975967407227,1628.8125,1628.8125,2,64,7.256217377684863e-08,4.410743713378906e-06,,,,,True,,,passed
AtomBit,eval,32,EVAL-H276-R32-v1,ase_b1,1,passed,0.8544321269728243,10.131863683462143,,,,,37.45177526665939,10336.689973597993,0.539405312,1.002438656,85.01788672,0.011790914767164892,0.8540184936523437,0.0,0.0,,,0,0,,,,,,,,,,passed
AtomBit,eval,32,EVAL-H276-R32-v1,native_batch,8,passed,0.42057979898527265,9.600201480090618,2.0315576949589627,,measured_same_workload,1.0553803172229368,76.08544223285564,20999.58205626816,3.174806016,3.999268864,85.01788672,0.047040323140132734,0.11560268878936768,0.2739811897277832,0.14687219429016113,8694.75,8694.75,8,64,1.382136723396547e-07,5.0067901611328125e-06,,,,,True,,,passed
AtomBit,eval,32,EVAL-H276-R32-v1,native_batch,16,passed,0.41116379434242845,9.64031337061897,2.078082114061896,,measured_same_workload,1.050989038835738,77.82786432151057,21480.49055273692,6.2049664,11.108614144,85.01788672,0.1306620826813231,0.1063703327178955,0.2796436233520508,0.1463749771118164,8694.75,8694.75,4,64,1.6585640367707854e-07,4.649162292480469e-06,,,,,True,,,passed
AtomBit,eval,32,EVAL-H276-R32-v1,native_batch,32,passed,0.4040625183843076,9.63769011432305,2.114603775646832,,measured_same_workload,1.0512751046440763,79.19566538355458,21858.003645861067,12.171500032,13.658750976,85.01788672,0.16065738049904799,0.10148358154296876,0.281587158203125,0.1465059814453125,8694.75,8694.75,2,64,1.3821366986820172e-07,5.9604644775390625e-06,,,,,True,,,passed
AtomBit,eval,32,EVAL-MIX-R32-v1,ase_b1,1,passed,0.7937786700204015,5.582088836003095,,,,,40.31350451779908,,0.51887616,0.98566144,85.01788672,0.011593577281521964,0.793544677734375,0.0,0.0,,,0,0,,,,,,,,,,passed
AtomBit,eval,32,EVAL-MIX-R32-v1,native_batch,8,passed,0.3330024410970509,5.132979754824191,2.383702255771335,,measured_same_workload,1.0874948085966658,96.09539165712559,,1.931235328,3.990880256,85.01788672,0.046941654397311273,0.08695657587051392,0.21584012985229492,0.11778927993774414,5102.8125,5102.8125,8,64,1.3821366822056638e-07,3.814697265625e-06,,,,,True,,,passed
AtomBit,eval,32,EVAL-MIX-R32-v1,native_batch,16,passed,0.30610946798697114,5.106622296851128,2.593120282232456,,measured_same_workload,1.0931078336154116,104.53776621297453,,3.71596544,4.171235328,85.01788672,0.049063032367972735,0.067891037940979,0.2159827518463135,0.11524271774291991,5102.8125,5102.8125,4,64,1.6585639626271956e-07,4.0531158447265625e-06,,,,,True,,,passed
AtomBit,eval,32,EVAL-MIX-R32-v1,native_batch,32,passed,0.29672170989215374,5.110554390586913,2.6751620914725374,,measured_same_workload,1.0922667893496443,107.84515906042297,,7.166252032,7.902068736,85.01788672,0.09294595573781865,0.06197389030456543,0.2164167022705078,0.11388829040527344,5102.8125,5102.8125,2,64,1.2439230955430464e-07,4.291534423828125e-06,,,,,True,,,passed
MACE-OFF-Small,eval,256,EVAL-H46-R256-v1,ase_b1,1,passed,7.644994872156531,8.565587130375206,,,,,33.48596098244164,1540.3542051923155,0.145898496,0.176160768,85.01788672,0.002072043599250734,7.6444970703125,0.0,0.0,,,0,0,,,,,,,,,,passed
MACE-OFF-Small,eval,256,EVAL-H46-R256-v1,native_batch,32,passed,0.5529837389476597,1.0260629672557116,13.824990381643273,,measured_same_workload,8.348013137326808,462.9430885023376,21295.38207110753,2.324675584,2.560622592,85.01788672,0.030118633746251743,0.15281948661804198,0.2756988525390625,0.1778428783416748,858.8125,,16,512,1.2653839329014653e-12,7.549516567451064e-15,,,,,True,,,passed
MACE-OFF-Small,eval,256,EVAL-H46-R256-v1,native_batch,64,passed,0.5214286539703608,0.9615518776699901,14.661631680469732,,measured_same_workload,8.908086323050126,490.95882639113967,22584.106013992427,4.570679808,5.018484736,85.01788672,0.05902857539294055,0.1376123504638672,0.27345750427246096,0.171688289642334,858.8125,,8,512,1.2653839329014653e-12,7.993605777301127e-15,,,,,True,,,passed
MACE-OFF-Small,eval,256,EVAL-H46-R256-v1,native_batch,128,passed,0.5086179450154305,0.94500318961218,15.03091848622171,,measured_same_workload,9.064082771922113,503.32474995988093,23152.938498154523,9.060679168,9.875488768,85.01788672,0.11615777748656794,0.12774268722534182,0.27269987487792974,0.17421610260009768,858.8125,,4,512,1.2653839329014653e-12,7.327471962526033e-15,,,,,True,,,passed
MACE-OFF-Small,eval,256,EVAL-H46-R256-v1,native_batch,256,passed,0.4947197553701699,0.9325895188376307,15.453182916530649,,measured_same_workload,9.184734502540046,517.464680197479,23803.375289084033,18.038731776,19.631439872,85.01788672,0.23090952538793003,0.12309091186523438,0.27208067321777346,0.16757192993164063,858.8125,,2,512,1.2653839329014653e-12,7.993605777301127e-15,,,,,True,,,passed
MACE-OFF-Small,eval,256,EVAL-H276-R256-v1,ase_b1,1,passed,5.443782444112003,15.038756095804274,,,,,47.026126159190966,12979.210819936707,0.506685952,0.624951296,85.01788672,0.007350821340199033,5.4434658203125,0.0,0.0,,,0,0,,,,,,,,,,passed
MACE-OFF-Small,eval,256,EVAL-H276-R256-v1,native_batch,32,passed,1.8551360126584768,11.444110898766667,2.9344384492384825,,measured_same_workload,1.3141043658904952,137.99527272026958,38086.69527079441,13.461727744,14.898167808,85.01788672,0.17523568725091923,0.7236966705322265,0.9821137962341309,0.5383698577880859,4942.5,,16,512,8.435892886009769e-13,9.325873406851315e-15,,,,,True,,,passed
MACE-OFF-Small,eval,256,EVAL-H276-R256-v1,native_batch,64,passed,1.8004066050052643,11.393115900456905,3.0236405648467866,,measured_same_workload,1.3199862291580098,142.19010266253244,39244.46833485895,26.827119616,29.08749824,85.01788672,0.34213386573342475,0.7081446685791016,0.9575221481323242,0.5168352508544922,4942.5,,8,512,8.435892886009769e-13,8.881784197001252e-15,,,,,True,,,passed
MACE-OFF-Small,eval,256,EVAL-H276-R256-v1,native_batch,128,passed,1.7891220296733081,11.35205043759197,3.042711650644664,,measured_same_workload,1.3247612119484504,143.08694194925616,39491.9959779947,53.575461376,57.778634752,85.01788672,0.6796056333685354,0.7022759704589844,0.9549756164550781,0.5107361602783203,4942.5,,4,512,7.381406275258548e-13,7.993605777301127e-15,,,,,True,,,passed
MACE-OFF-Small,eval,256,EVAL-H276-R256-v1,native_batch,256,oom,,,,,,,,,,,85.01788672,,0,0.0,0.0,,,0,0,,,,,,,,,,error
MACE-OFF-Small,eval,256,EVAL-MIX-R256-v1,ase_b1,1,passed,5.219988043885678,15.178664446808398,,,,,49.042257922383584,,0.50588416,0.6815744,85.01788672,0.008016835354243912,5.21973291015625,0.0,0.0,,,0,0,,,,,,,,,,passed
MACE-OFF-Small,eval,256,EVAL-MIX-R256-v1,native_batch,32,passed,1.1738325278274715,10.920144570060074,4.446961487382556,,measured_same_workload,1.389969184879106,218.08903223512186,,7.891047936,8.53540864,85.01788672,0.10039544582083913,0.4355745239257813,0.6068611221313477,0.3462496643066406,2900.65625,,16,512,1.2653839329014653e-12,7.993605777301127e-15,,,,,True,,,passed
MACE-OFF-Small,eval,256,EVAL-MIX-R256-v1,native_batch,64,passed,1.15865447698161,10.951770924031734,4.505215443938192,,measured_same_workload,1.385955253455995,220.94593779752267,,15.697451008,16.951279616,85.01788672,0.19938486205647243,0.4219978485107422,0.6130580596923827,0.34296991729736326,2900.65625,,8,512,1.2653839329014653e-12,8.43769498715119e-15,,,,,True,,,passed
MACE-OFF-Small,eval,256,EVAL-MIX-R256-v1,native_batch,128,passed,1.1450352519750595,10.924732737708837,4.558801167808392,,measured_same_workload,1.3893854258252276,223.57390268852268,,31.321787392,33.793507328,85.01788672,0.39748703045626577,0.41467707824707034,0.6130428314208984,0.3412150268554688,2900.65625,,4,512,1.2653839329014653e-12,8.43769498715119e-15,,,,,True,,,passed
MACE-OFF-Small,eval,256,EVAL-MIX-R256-v1,native_batch,256,passed,1.1443156013265252,10.901652223896235,4.561668160282452,,measured_same_workload,1.392326973478114,223.71450647289706,,62.52155648,67.51780864,85.01788672,0.7941600437842545,0.41180499267578125,0.6158632202148437,0.34242251586914063,2900.65625,,2,512,1.2653839329014653e-12,8.881784197001252e-15,,,,,True,,,passed
MACE-OFF-Small,eval,32,EVAL-H46-R32-v1,ase_b1,1,passed,3.279119770973921,4.214175125118345,,,,,9.75871643459238,448.9009559912495,0.145898496,0.176160768,85.01788672,0.002072043599250734,3.27884814453125,0.0,0.0,,,0,0,,,,,,,,,,passed
MACE-OFF-Small,eval,32,EVAL-H46-R32-v1,native_batch,8,passed,0.12997638015076518,0.5884160147979856,25.22858204829469,,measured_same_workload,7.161897397651816,246.19857825615568,11325.134599783161,0.641583104,0.69206016,85.01788672,0.00814017128277074,0.06238790416717529,0.040124351978302004,0.02997881555557251,858.8125,,8,64,1.2653839329014653e-12,5.773159728050814e-15,,,,,True,,,passed
MACE-OFF-Small,eval,32,EVAL-H46-R32-v1,native_batch,16,passed,0.08497868990525603,0.48522775480523705,38.5875538282581,,measured_same_workload,8.684942448953379,376.56499571454043,17321.989802868862,1.19856384,1.480589312,85.01788672,0.017415033107988313,0.031322559356689456,0.034716959953308105,0.023073152542114256,858.8125,,4,64,1.1072109412887823e-12,6.217248937900877e-15,,,,,True,,,passed
MACE-OFF-Small,eval,32,EVAL-H46-R32-v1,native_batch,32,passed,0.07190245483070612,0.4798963936045766,45.6051156903417,,measured_same_workload,8.781426952315726,445.0473919888243,20472.180031485917,2.323390464,2.55852544,85.01788672,0.030093966560546376,0.022264703750610352,0.03426102447509766,0.0218656005859375,858.8125,,2,64,1.2653839329014653e-12,6.661338147750939e-15,,,,,True,,,passed
MACE-OFF-Small,eval,32,EVAL-H276-R32-v1,ase_b1,1,passed,0.6660781418904662,9.964031796902418,,,,,48.042411223970575,13259.70549781588,0.506685952,0.624951296,85.01788672,0.007350821340199033,0.6659207763671875,0.0,0.0,,,0,0,,,,,,,,,,passed
MACE-OFF-Small,eval,32,EVAL-H276-R32-v1,native_batch,8,passed,0.25101354205980897,9.562432774342597,2.6535546107379333,,measured_same_workload,1.0419975786535587,127.48316181433495,35185.35266075645,3.434826752,4.542431232,85.01788672,0.0534291242378225,0.10361465644836426,0.11954963111877442,0.06795136070251466,4942.5,,8,64,7.381406275258548e-13,8.881784197001252e-15,,,,,True,,,passed
MACE-OFF-Small,eval,32,EVAL-H276-R32-v1,native_batch,16,passed,0.23783549992367625,9.543481664266437,2.8005833532177378,,measured_same_workload,1.0440667407797977,134.54677712229298,37134.910485752865,6.768324096,8.277458944,85.01788672,0.09736138197907912,0.0959329605102539,0.11967862510681151,0.06552995109558106,4942.5,,4,64,5.272433053756106e-13,9.769962616701378e-15,,,,,True,,,passed
MACE-OFF-Small,eval,32,EVAL-H276-R32-v1,native_batch,32,passed,0.23242327896878123,9.636362220626324,2.8657978875684518,,measured_same_workload,1.0340034515903447,137.67984059934975,37999.63600542053,13.454283776,14.81637888,85.01788672,0.17427366700840996,0.09132978820800781,0.12103507232666016,0.06494895935058594,4942.5,,2,64,7.381406275258548e-13,7.105427357601002e-15,,,,,True,,,passed
MACE-OFF-Small,eval,32,EVAL-MIX-R32-v1,ase_b1,1,passed,0.6365406103432178,5.529217183124274,,,,,50.27173361766478,,0.50588416,0.6815744,85.01788672,0.008016835354243912,0.63637158203125,0.0,0.0,,,0,0,,,,,,,,,,passed
MACE-OFF-Small,eval,32,EVAL-MIX-R32-v1,native_batch,8,passed,0.18334651505574584,5.090539702214301,3.471790070019493,,measured_same_workload,1.0861750436243836,174.5329055764737,,2.033825792,2.472542208,85.01788672,0.029082611946626376,0.0704010887145996,0.0864608325958252,0.051373311996459954,2889.5625,,8,64,1.1072109412887823e-12,7.993605777301127e-15,,,,,True,,,passed
MACE-OFF-Small,eval,32,EVAL-MIX-R32-v1,native_batch,16,passed,0.1670925710350275,5.076373575720936,3.80950874356814,,measured_same_workload,1.089206123357268,191.5106087708224,,3.988194816,4.37256192,85.01788672,0.051431082195687865,0.060442718505859375,0.08566921615600587,0.04901968002319336,2889.5625,,4,64,1.2653839329014653e-12,7.105427357601002e-15,,,,,True,,,passed
MACE-OFF-Small,eval,32,EVAL-MIX-R32-v1,native_batch,32,passed,0.16215871833264828,5.049296103417873,3.925417127665221,,measured_same_workload,1.0950471253570457,197.3375241802048,,7.881865216,8.518631424,85.01788672,0.10019810833519621,0.05686214447021484,0.0878744010925293,0.048337600708007813,2889.5625,,2,64,1.1072109412887823e-12,7.105427357601002e-15,,,,,True,,,passed
AtomBit,nve,32,MD-NVE-H276-R32-v1,ase_b1,1,passed,594.978912843857,663.9578845449723,,,,,53.783418721594096,14.844223567159972,0.563341312,1.241513984,85.01788672,0.014602973937576601,594.979375,0.0,0.0,,,0,0,,,,,0.003875679120276477,0.0018758776246541936,,6,1,passed
AtomBit,nve,32,MD-NVE-H276-R32-v1,native_batch,8,passed,156.24428625125438,181.0741734141484,3.80800429327111,,measured_same_workload,3.6667729694746924,204.80748939862812,56.52686707402136,3.329047552,13.123977216,85.01788672,0.15436724814417968,112.73785314273829,15.098855344295506,37.53263821029664,8636.14366883117,10327.522477522478,1906,2550,2.529310148455134e-06,0.008711278438568115,2.968135929882463e-05,6.96358741234312e-06,0.0038752106652710622,0.0018758918496158076,True,6,1,passed
AtomBit,nve,32,MD-NVE-H276-R32-v1,native_batch,16,passed,141.95717042544857,165.32355696847662,4.191256497017325,,measured_same_workload,4.0161117793489876,225.4201031486845,62.215948469036924,6.48570368,45.690650624,85.01788672,0.5374239749628065,103.78543395996091,15.111674892187125,34.97911466884615,8636.140921578422,10327.51866883117,1439,2550,2.2390614368713866e-06,0.00857400894165039,2.5134971636512984e-05,6.4679049836055425e-06,0.003876005393868891,0.0018762162198187242,True,6,1,passed
AtomBit,nve,32,MD-NVE-H276-R32-v1,native_batch,32,passed,132.46405006200075,154.8281545424834,4.491625558522276,,measured_same_workload,4.28835366866553,241.57497815461758,66.67469397067445,12.455979008,72.630665216,85.01788672,0.8542986425339365,99.36144189071655,14.876933193922032,31.42855000400544,8636.14291958042,10327.525786713286,927,2550,2.930129783740942e-06,0.008040428161621094,2.5874800923489206e-05,6.711887859147019e-06,0.003875328146897164,0.0018757888372398516,True,6,1,passed
AtomBit,nve,32,MD-NVE-H46-R32-v1,ase_b1,1,passed,466.0966225489974,513.7218800196424,,,,,68.65529259791208,3.1581434595039557,0.154530816,0.559939584,85.01788672,0.00658613858333269,466.094625,0.0,0.0,,,0,0,,,,,0.004934549119651444,0.0013449702406515627,,6,1,passed
AtomBit,nve,32,MD-NVE-H46-R32-v1,native_batch,8,passed,83.21555826440454,91.8757652239874,5.601075475189959,,measured_same_workload,5.591484095585168,384.5434756121561,17.68899987815918,0.664157696,1.409286144,85.01788672,0.016576348794005873,53.25867253494263,3.2569543654918656,23.581087390899654,1620.0986513486514,1987.8178696303696,1565,1935,3.006147300479627e-06,0.0016287565231323242,1.655127564875458e-05,3.31330492217633e-06,0.004931781602942426,0.001344663779372214,True,6,1,passed
AtomBit,nve,32,MD-NVE-H46-R32-v1,native_batch,16,passed,56.71845828322694,62.757199686486274,8.21772376501344,,measured_same_workload,8.185863655262233,564.1902295758134,25.952750560487416,1.232537088,2.172649472,85.01788672,0.02555520439075905,31.816803224086776,3.2430321931838964,21.89041200828553,1620.0985264735264,1987.8182442557443,1251,1935,2.280525531817978e-06,0.0021721720695495605,1.4052031058076196e-05,3.679331390820714e-06,0.004932499450186025,0.0013447227361391791,True,6,1,passed
AtomBit,nve,32,MD-NVE-H46-R32-v1,native_batch,32,passed,43.82158447429538,48.63341949414462,10.636233904832851,,measured_same_workload,10.563145371291313,730.2337508761324,33.59075254030209,2.364842496,4.23624704,85.01788672,0.049827715124839085,22.362205317020425,3.170787616372107,20.05448293876647,1620.0993381618382,1987.8202422577422,868,1935,3.0268793520720108e-06,0.0020216703414916992,1.1342131604343296e-05,3.5134361299830937e-06,0.004935928013013757,0.0013449817248005762,True,6,1,passed
AtomBit,nve,32,MD-NVE-MIX-R32-v1,ase_b1,1,passed,529.3376265619881,593.156803634949,,,,,60.45291019238103,,0.537895936,0.887095296,85.01788672,0.010434219553369768,529.33875,0.0,0.0,,,0,0,,,,,0.004319747426343976,0.0012026238395890104,,6,1,passed
AtomBit,nve,32,MD-NVE-MIX-R32-v1,native_batch,8,passed,113.30938131501898,129.32883917493746,4.671613421754914,,measured_same_workload,4.586423317637698,282.4126266388717,,1.944148992,5.203034112,85.01788672,0.06119928773501276,76.22085331678389,11.969817502141,31.721610077857957,5002.754495504496,5988.72234015984,1788,2282,2.9854152538301486e-06,0.020000100135803223,4.3024289929963955e-05,9.55470258834601e-06,0.004320493642845359,0.0012028998546865259,True,6,1,passed
AtomBit,nve,32,MD-NVE-MIX-R32-v1,native_batch,16,passed,96.4683010103181,110.89082568418235,5.4871664683445704,,measured_same_workload,5.349016025223428,331.7151817214789,,3.7316864,4.15236096,85.01788672,0.04884102769662445,63.965017498016344,11.954639745235442,29.76567857170106,5002.753996003996,5988.701735764236,1388,2282,3.524448569281879e-06,0.01775979995727539,4.12643153532762e-05,1.005567765352856e-05,0.004318658856376438,0.0012019299834530237,True,6,1,passed
AtomBit,nve,32,MD-NVE-MIX-R32-v1,native_batch,32,passed,89.18332398682833,102.90564786083996,5.93538795033214,,measured_same_workload,5.764084051412603,358.8114747183694,,7.196781568,7.93772032,85.01788672,0.09336529789480986,59.498334606170644,11.911110028862952,28.235835823059084,5002.753746253747,5988.707167832168,896,2283,3.0476113950143096e-06,0.005153298377990723,1.922240092178547e-05,5.104512100805632e-06,0.00431915642558335,0.0012025316988208742,True,6,1,passed
MACE-OFF-Small,nve,32,MD-NVE-H276-R32-v1,ase_b1,1,passed,695.9061575266533,776.5007739374414,,,,,45.98321146306914,12.691366363807083,0.508911104,0.738197504,85.01788672,0.00868284936828879,695.905625,0.0,0.0,,,0,0,,,,,4.907372035170514e-05,1.8529103980641143e-05,,6,1,passed
MACE-OFF-Small,nve,32,MD-NVE-H276-R32-v1,native_batch,8,passed,133.49770051706582,156.07620780076832,5.212869995747165,,measured_same_workload,4.975138651040565,239.7045033439302,66.15844292292473,3.461856768,4.024434688,85.01788672,0.04733632936859713,100.73287625312804,9.163663359999655,29.719039646148673,4897.250312187813,,1960,2616,6.508713156200837e-09,6.031433313458123e-06,2.0904652179543333e-08,9.425349041838568e-09,4.9073736063555636e-05,1.852907438911063e-05,True,6,1,passed
MACE-OFF-Small,nve,32,MD-NVE-H276-R32-v1,native_batch,16,passed,123.11550019215792,144.80026811780408,5.652465826321521,,measured_same_workload,5.3625644760941285,259.9185313795143,71.73751466074594,6.827020288,9.432989696,85.01788672,0.11095300130273573,93.71936042022702,9.063906216859827,27.81125670623779,4897.250312187813,,1472,2616,6.509029502184063e-09,6.031446495136095e-06,2.0904652773970584e-08,9.42534980294335e-09,4.9073735747209653e-05,1.852907437592955e-05,True,6,1,passed
MACE-OFF-Small,nve,32,MD-NVE-H276-R32-v1,native_batch,32,passed,117.88293610187247,139.0608148551546,5.903366344092946,,measured_same_workload,5.583893455149409,271.4557429443913,74.921785052652,13.517735424,16.23195648,85.01788672,0.19092401735953193,90.06193685150132,9.145184624075892,26.91334848022461,4897.250312187813,,925,2616,6.508502258878687e-09,6.031444750309589e-06,2.0904649881678717e-08,9.425350020183787e-09,4.9073735852658317e-05,1.8529074398996446e-05,True,6,1,passed
MACE-OFF-Small,nve,32,MD-NVE-H46-R32-v1,ase_b1,1,passed,611.5535249011591,675.1086839330383,,,,,52.32575514166471,2.406984736516576,0.147961856,0.742391808,85.01788672,0.008732183739699523,611.5529375,0.0,0.0,,,0,0,,,,,0.0001255376175876059,4.3866451728322517e-05,,6,1,passed
MACE-OFF-Small,nve,32,MD-NVE-H46-R32-v1,native_batch,8,passed,82.82601487729698,91.40365053666756,7.383592290503753,,measured_same_workload,7.386014453134027,386.3520422587826,17.772193943904,0.645743616,0.952107008,85.01788672,0.011198902310236111,56.04700039863586,1.850473119556904,21.75910829210283,860.213036963037,,1619,1982,1.0183809891990993e-08,5.2516375099731505e-06,2.4308729589124616e-08,1.0175058707808392e-08,0.0001255374763391244,4.386641996520863e-05,True,6,1,passed
MACE-OFF-Small,nve,32,MD-NVE-H46-R32-v1,native_batch,16,passed,52.37718306295574,58.03962129121646,11.675952946268433,,measured_same_workload,11.631858873538294,610.9530549120406,28.103840525953867,1.208603648,1.610612736,85.01788672,0.018944398621720995,29.835651976585382,1.8017116194963463,19.97210326004029,860.213036963037,,1275,1982,1.0182702681049705e-08,5.251642409831447e-06,2.430873090131332e-08,1.0175059910495105e-08,0.0001255374763391244,4.386641994049411e-05,True,6,1,passed
MACE-OFF-Small,nve,32,MD-NVE-H46-R32-v1,native_batch,32,passed,37.51722195604816,41.657005933113396,16.30060790795227,,measured_same_workload,16.206365983600143,852.9416180517937,39.23531443038251,2.33634816,3.238002688,85.01788672,0.03808613472908492,18.307891525268555,1.7507402547001838,18.461180093765247,860.213036963037,,865,1982,1.0183968064982606e-08,5.251639568770727e-06,2.4308731401670802e-08,1.0175058406272273e-08,0.0001255374763391244,4.386641978232111e-05,True,6,1,passed
MACE-OFF-Small,nve,32,MD-NVE-MIX-R32-v1,ase_b1,1,passed,640.6415492258966,710.525088230148,,,,,49.94992915877281,,0.510041088,0.740294656,85.01788672,0.008707516553994156,640.64575,0.0,0.0,,,0,0,,,,,8.027655870967504e-05,3.213244831122342e-05,,6,1,passed
MACE-OFF-Small,nve,32,MD-NVE-MIX-R32-v1,native_batch,8,passed,93.86368054011837,108.11859909445047,6.825233631788809,,measured_same_workload,6.5717193358142385,340.91993639992467,,2.052230656,2.44318208,85.01788672,0.028737271346751254,64.98540037822721,6.868537180781365,25.97890048050881,2845.942182817183,,1779,2297,1.1309527073298459e-08,5.694420611490614e-06,2.4224578512928446e-08,1.0116496673415258e-08,8.027659619667405e-05,3.213241186223467e-05,True,6,1,passed
MACE-OFF-Small,nve,32,MD-NVE-MIX-R32-v1,native_batch,16,passed,83.24275467125699,96.45003999117762,7.696063780636811,,measured_same_workload,7.366768207614434,384.41784064420597,,4.014901248,5.091885056,85.01788672,0.05989192689262836,57.25023492240908,6.907500810563569,24.48835441541673,2845.942182817183,,1382,2297,1.131079245723136e-08,5.694417473556257e-06,2.4224571072964383e-08,1.0116496191569528e-08,8.027659619667405e-05,3.213241211926579e-05,True,6,1,passed
MACE-OFF-Small,nve,32,MD-NVE-MIX-R32-v1,native_batch,32,passed,77.38263228628784,90.02545428695157,8.278880290033994,,measured_same_workload,7.892491005548112,413.5294840011585,,7.904497152,10.995367936,85.01788672,0.1293300546532333,53.7978507270813,6.7765930590629555,22.816234239578282,2845.942182817183,,901,2297,1.1310001592273298e-08,5.694412624990264e-06,2.422457587564192e-08,1.0116496534048564e-08,8.027659619667405e-05,3.2132411970978615e-05,True,6,1,passed
AtomBit,nve,256,MD-NVE-H276-R256-v1,native_batch,64,passed_without_reference,1038.4990625320934,1152.0484401658177,,4.583375637475609,measured_R32_ASE_throughput_exact_repeats,,246.50961106870395,68.0366526549623,24.84543744,83.70782208,85.01788672,0.9845907174296792,777.4862533531187,120.888839129448,252.4617710170744,8630.73630275974,10326.446530032468,3980,20469,,,,,0.005792697270716206,0.0017806736320465572,,6,1,passed_without_reference
AtomBit,nve,256,MD-NVE-H276-R256-v1,native_batch,128,passed_without_reference,1026.5706659392454,1138.6874146261252,,4.636632879428636,measured_R32_ASE_throughput_exact_repeats,,249.37396761262085,68.82721506108335,49.555785216,82.965430272,85.01788672,0.9758585336899798,772.9285267410281,120.09613570690163,247.88984683990483,8630.73580325924,10326.4436500999,2000,20468,,,,,0.005790306174226085,0.001780693054847169,,6,1,passed_without_reference
AtomBit,nve,256,MD-NVE-H276-R256-v1,native_batch,16,passed_without_reference,1127.3782166019082,1248.9430945743807,,4.222035899449717,measured_R32_ASE_throughput_exact_repeats,,227.0755246377063,62.67284480000694,6.487643136,45.690650624,85.01788672,0.5374239749628065,827.4670069274903,121.16326367545129,275.8055175008774,8630.735452047951,10326.448699737763,11751,20468,,,,,0.005790047023600747,0.0017805976280269354,,6,1,passed_without_reference
AtomBit,nve,256,MD-NVE-H276-R256-v1,native_batch,32,passed_without_reference,1080.3741830079816,1197.5037850351073,,4.405724773521075,measured_R32_ASE_throughput_exact_repeats,,236.95494026638428,65.39956351352205,12.474965504,81.28561152,85.01788672,0.9561001179399816,796.6247224426268,121.2241810534,269.63360161209107,8630.735576923076,10326.444219842657,7430,20469,,,,,0.005790599878279396,0.0017805360257623591,,6,1,passed_without_reference
AtomBit,nve,256,MD-NVE-H46-R256-v1,native_batch,128,passed_without_reference,305.3258798951283,336.54998880717903,,12.212436697710388,measured_R32_ASE_throughput_exact_repeats,,838.4484148147858,38.568627081480145,9.25773312,22.951231488,85.01788672,0.2699576803595242,151.23653780174232,24.766874185323722,150.88586485290546,1620.6567260864135,1988.6261082667334,2000,15887,,,,,0.006936840389085853,0.0012185064994770748,,6,1,passed_without_reference
AtomBit,nve,256,MD-NVE-H46-R256-v1,native_batch,256,passed_without_reference,297.58837810670957,327.9530371017754,,12.529968421867979,measured_R32_ASE_throughput_exact_repeats,,860.2486482459448,39.57143781931346,18.396256768,83.12061952,85.01788672,0.9776839054321768,146.9176037864685,24.6286013908386,148.78078368377675,1620.6567729145854,1988.6250156093906,1000,15886,,,,,0.006937065850127303,0.0012184095406985367,,6,1,passed_without_reference
AtomBit,nve,256,MD-NVE-MIX-R256-v1,native_batch,64,passed_without_reference,678.5202815206721,756.561552723404,,6.24108243751427,measured_R32_ASE_throughput_exact_repeats,,377.2915960982967,,14.763812352,83.187728384,85.01788672,0.9784732553747484,468.72816610336304,72.5539149147272,202.5800102882385,5125.048490571928,6153.682473776224,3961,18088,,,,,0.007426124552021856,0.0014952990341176007,,6,1,passed_without_reference
AtomBit,nve,256,MD-NVE-MIX-R256-v1,native_batch,128,passed_without_reference,662.9250352689996,739.3762432183139,,6.38790328800535,measured_R32_ASE_throughput_exact_repeats,,386.16734378740296,,29.42325248,83.848331264,85.01788672,0.9862434188719387,460.5125307312014,72.31332916271685,197.8666958732603,5125.047991071428,6153.679484577922,1998,18090,,,,,0.007424028023429539,0.0014952475380528654,,6,1,passed_without_reference
AtomBit,nve,256,MD-NVE-MIX-R256-v1,native_batch,32,passed_without_reference,700.4567269082181,780.096654612571,,6.0456283019618775,measured_R32_ASE_throughput_exact_repeats,,365.4758247950184,,7.607856128,49.088036864,85.01788672,0.5773848158054993,486.5526055221557,72.1065201355219,202.31410987472546,5125.048279845155,6153.68058503996,7211,18090,,,,,0.00742463961891506,0.0014950751488954958,,6,1,passed_without_reference
MACE-OFF-Small,nve,256,MD-NVE-H276-R256-v1,native_batch,64,passed_without_reference,906.4242860195227,1006.6519324756227,,6.141990396860701,measured_R32_ASE_throughput_exact_repeats,,282.42844322298555,77.95025032954402,26.973531136,37.742444544,85.01788672,0.4439353411394698,705.5517443084715,71.03328376877307,195.89264331626896,4897.065536026474,,3973,20742,,,,,7.4122347080223e-05,1.995234968414177e-05,,6,1,passed_without_reference
MACE-OFF-Small,nve,256,MD-NVE-H276-R256-v1,native_batch,128,passed_without_reference,895.2524190181866,994.6909371395595,,6.218636377792497,measured_R32_ASE_throughput_exact_repeats,,285.9528715719667,78.9229925538628,53.86143232,64.720207872,85.01788672,0.7612540180532965,699.12188079834,70.75387060642237,192.13388463974002,4897.065536026474,,1998,20742,,,,,7.412234686932567e-05,1.9952349714623015e-05,,6,1,passed_without_reference
MACE-OFF-Small,nve,256,MD-NVE-H46-R256-v1,native_batch,128,passed_without_reference,261.45576212974265,288.3052826737985,,18.712259999003177,measured_R32_ASE_throughput_exact_repeats,,979.1331348550073,45.04012420333033,9.115713536,11.645485056,85.01788672,0.13697688222189675,124.61294661712652,13.538999563515176,135.16861516189562,856.780430506993,,1998,15850,,,,,0.00016547018648175847,4.175246716774045e-05,,6,1,passed_without_reference
MACE-OFF-Small,nve,256,MD-NVE-H46-R256-v1,native_batch,256,passed_without_reference,257.4307181579061,283.6057976973243,,19.004834520984762,measured_R32_ASE_throughput_exact_repeats,,994.4423176529053,45.744346612033645,18.13305344,21.950889984,85.01788672,0.25819143277806467,120.96995761108391,13.41441693353653,135.41279878997807,856.780430506993,,1000,15850,,,,,0.00016547018648175847,4.175246716156182e-05,,6,1,passed_without_reference
MACE-OFF-Small,nve,256,MD-NVE-MIX-R256-v1,native_batch,128,passed_without_reference,586.6706594428979,654.9019548217766,,8.73596167000067,measured_R32_ASE_throughput_exact_repeats,,436.3606665502881,,31.48954112,38.155583488,85.01788672,0.4487947767234268,411.37374139404324,41.210434852302114,172.5246279869078,2879.2266717657344,,2000,18208,,,,,0.00012304956860885875,3.056284712068888e-05,,6,1,passed_without_reference
MACE-OFF-Small,nve,256,MD-NVE-MIX-R256-v1,native_batch,256,passed_without_reference,581.3058641250245,649.3647260316648,,8.816584710566215,measured_R32_ASE_throughput_exact_repeats,,440.38778171510194,,62.855054336,75.661049856,85.01788672,0.8899427258781903,408.33935000610376,40.88666401290895,170.7131786880492,2879.2266717657344,,1000,18208,,,,,0.00012304956797616677,3.056284707805632e-05,,6,1,passed_without_reference
