workload_id,manifest_sha256,system_id,group_id,duplicate_group,order,dataset_id,source_path,source_sha256,normalized_structure_sha256,frame_index,atom_count,species,chemical_formula,pbc,cell_A,volume_A3,constraints,topology_edge_counts,arrival_time,random_seed,reference
OPT-H184-R32-v1,044c2bdfdcbed4f7b1d4e7320e1a9e8338d2778fcd04d1b970b18d6812b8d6a5,OPT-H184-R32-v1:0000,Aven12_5_322_z1,c7463076c3eec45625324a99018e06e8d522c206485e9d196d475cfef18d9d11,0,T2_test,Aven12_5_322_z1.cif,c2231a42fc69f34be55337ccc0f621de1a7031893db0f12fa0e6ee4c76c4a240,c7463076c3eec45625324a99018e06e8d522c206485e9d196d475cfef18d9d11,0,184,"[""O"", ""C"", ""N"", ""C"", ""C"", ""C"", ""C"", ""C"", ""C"", ""N"", ""C"", ""C"", ""C"", ""C"", ""N"", ""C"", ""O"", ""N"", ""C"", ""C"", ""C"", ""C"", ""C"", ""C"", ""C"", ""N"", ""C"", ""O"", ""N"", ""C"", ""C"", ""C"", ""H"", ""H"", ""H"", ""H"", ""H"", ""H"", ""H"", ""H"", ""H"", ""H"", ""H"", ""H"", ""H"", ""H"", ""O"", ""C"", ""N"", ""C"", ""C"", ""C"", ""C"", ""C"", ""C"", ""N"", ""C"", ""C"", ""C"", ""C"", ""N"", ""C"", ""O"", ""N"", ""C"", ""C"", ""C"", ""C"", ""C"", ""C"", ""C"", ""N"", ""C"", ""O"", ""N"", ""C"", ""C"", ""C"", ""H"", ""H"", ""H"", ""H"", ""H"", ""H"", ""H"", ""H"", ""H"", ""H"", ""H"", ""H"", ""H"", ""H"", ""O"", ""C"", ""N"", ""C"", ""C"", ""C"", ""C"", ""C"", ""C"", ""N"", ""C"", ""C"", ""C"", ""C"", ""N"", ""C"", ""O"", ""N"", ""C"", ""C"", ""C"", ""C"", ""C"", ""C"", ""C"", ""N"", ""C"", ""O"", ""N"", ""C"", ""C"", ""C"", ""H"", ""H"", ""H"", ""H"", ""H"", ""H"", ""H"", ""H"", ""H"", ""H"", ""H"", ""H"", ""H"", ""H"", ""O"", ""C"", ""N"", ""C"", ""C"", ""C"", ""C"", ""C"", ""C"", ""N"", ""C"", ""C"", ""C"", ""C"", ""N"", ""C"", ""O"", ""N"", ""C"", ""C"", ""C"", ""C"", ""C"", ""C"", ""C"", ""N"", ""C"", ""O"", ""N"", ""C"", ""C"", ""C"", ""H"", ""H"", ""H"", ""H"", ""H"", ""H"", ""H"", ""H"", ""H"", ""H"", ""H"", ""H"", ""H"", ""H""]",C92H56N24O12,"[true, true, true]","[23.536988997090013, 0.0, 0.0, 0.0, 10.91027355497414, 0.0, 1.2269442855008597, 0.0, 24.22229581645319]",6220.164178504122,[],"{""cutoff=4.500_skin=0.000"": 3356, ""cutoff=4.500_skin=0.250"": 3848, ""cutoff=4.500_skin=0.500"": 4184, ""cutoff=4.500_skin=1.000"": 4916, ""cutoff=5.000_skin=0.000"": 4184, ""cutoff=5.000_skin=0.250"": 4456, ""cutoff=5.000_skin=0.500"": 4916, ""cutoff=5.000_skin=1.000"": 5952, ""cutoff=6.000_skin=0.000"": 5952, ""cutoff=6.000_skin=0.250"": 6380, ""cutoff=6.000_skin=0.500"": 6888, ""cutoff=6.000_skin=1.000"": 8324}",0.0,,
OPT-H184-R32-v1,044c2bdfdcbed4f7b1d4e7320e1a9e8338d2778fcd04d1b970b18d6812b8d6a5,OPT-H184-R32-v1:0001,Aven12_14_1278_z1,4d709e5c210b986cf57208ace2f2ff65e56cdcae4a56aeff2e0b382e5141abfe,1,T2_test,Aven12_14_1278_z1.cif,4a25a9d1550c8474d70f9a535c6da2f44741423cf61451dffe3148f2c30012ff,4d709e5c210b986cf57208ace2f2ff65e56cdcae4a56aeff2e0b382e5141abfe,0,184,"[""O"", ""C"", ""N"", ""C"", ""C"", ""C"", ""C"", ""C"", ""C"", ""N"", ""C"", ""C"", ""C"", ""C"", ""N"", ""C"", ""O"", ""N"", ""C"", ""C"", ""C"", ""C"", ""C"", ""C"", ""C"", ""N"", ""C"", ""O"", ""N"", ""C"", ""C"", ""C"", ""H"", ""H"", ""H"", ""H"", ""H"", ""H"", ""H"", ""H"", ""H"", ""H"", ""H"", ""H"", ""H"", ""H"", ""O"", ""C"", ""N"", ""C"", ""C"", ""C"", ""C"", ""C"", ""C"", ""N"", ""C"", ""C"", ""C"", ""C"", ""N"", ""C"", ""O"", ""N"", ""C"", ""C"", ""C"", ""C"", ""C"", ""C"", ""C"", ""N"", ""C"", ""O"", ""N"", ""C"", ""C"", ""C"", ""H"", ""H"", ""H"", ""H"", ""H"", ""H"", ""H"", ""H"", ""H"", ""H"", ""H"", ""H"", ""H"", ""H"", ""O"", ""C"", ""N"", ""C"", ""C"", ""C"", ""C"", ""C"", ""C"", ""N"", ""C"", ""C"", ""C"", ""C"", ""N"", ""C"", ""O"", ""N"", ""C"", ""C"", ""C"", ""C"", ""C"", ""C"", ""C"", ""N"", ""C"", ""O"", ""N"", ""C"", ""C"", ""C"", ""H"", ""H"", ""H"", ""H"", ""H"", ""H"", ""H"", ""H"", ""H"", ""H"", ""H"", ""H"", ""H"", ""H"", ""O"", ""C"", ""N"", ""C"", ""C"", ""C"", ""C"", ""C"", ""C"", ""N"", ""C"", ""C"", ""C"", ""C"", ""N"", ""C"", ""O"", ""N"", ""C"", ""C"", ""C"", ""C"", ""C"", ""C"", ""C"", ""N"", ""C"", ""O"", ""N"", ""C"", ""C"", ""C"", ""H"", ""H"", ""H"", ""H"", ""H"", ""H"", ""H"", ""H"", ""H"", ""H"", ""H"", ""H"", ""H"", ""H""]",C92H56N24O12,"[true, true, true]","[10.62546426005764, 0.0, 0.0, 0.0, 17.239088411729497, 0.0, -12.430047433414737, 0.0, 18.842953760348923]",3451.526357337217,[],"{""cutoff=4.500_skin=0.000"": 4140, ""cutoff=4.500_skin=0.250"": 4872, ""cutoff=4.500_skin=0.500"": 5520, ""cutoff=4.500_skin=1.000"": 7004, ""cutoff=5.000_skin=0.000"": 5520, ""cutoff=5.000_skin=0.250"": 6272, ""cutoff=5.000_skin=0.500"": 7004, ""cutoff=5.000_skin=1.000"": 8972, ""cutoff=6.000_skin=0.000"": 8972, ""cutoff=6.000_skin=0.250"": 9916, ""cutoff=6.000_skin=0.500"": 11092, ""cutoff=6.000_skin=1.000"": 13808}",0.0,,
OPT-H184-R32-v1,044c2bdfdcbed4f7b1d4e7320e1a9e8338d2778fcd04d1b970b18d6812b8d6a5,OPT-H184-R32-v1:0002,Aven12_19_363_z1,4a9e98fd4090372d1eb76aa33323fd8a8d1565f3d7b4b03c2f1d58c35ff60b7e,2,T2_test,Aven12_19_363_z1.cif,c2b674e21e05b75fb355cc975903d101393db26a52f4137e6136c787e759682a,4a9e98fd4090372d1eb76aa33323fd8a8d1565f3d7b4b03c2f1d58c35ff60b7e,0,184,"[""O"", ""C"", ""N"", ""C"", ""C"", ""C"", ""C"", ""C"", ""C"", ""N"", ""C"", ""C"", ""C"", ""C"", ""N"", ""C"", ""O"", ""N"", ""C"", ""C"", ""C"", ""C"", ""C"", ""C"", ""C"", ""N"", ""C"", ""O"", ""N"", ""C"", ""C"", ""C"", ""H"", ""H"", ""H"", ""H"", ""H"", ""H"", ""H"", ""H"", ""H"", ""H"", ""H"", ""H"", ""H"", ""H"", ""O"", ""C"", ""N"", ""C"", ""C"", ""C"", ""C"", ""C"", ""C"", ""N"", ""C"", ""C"", ""C"", ""C"", ""N"", ""C"", ""O"", ""N"", ""C"", ""C"", ""C"", ""C"", ""C"", ""C"", ""C"", ""N"", ""C"", ""O"", ""N"", ""C"", ""C"", ""C"", ""H"", ""H"", ""H"", ""H"", ""H"", ""H"", ""H"", ""H"", ""H"", ""H"", ""H"", ""H"", ""H"", ""H"", ""O"", ""C"", ""N"", ""C"", ""C"", ""C"", ""C"", ""C"", ""C"", ""N"", ""C"", ""C"", ""C"", ""C"", ""N"", ""C"", ""O"", ""N"", ""C"", ""C"", ""C"", ""C"", ""C"", ""C"", ""C"", ""N"", ""C"", ""O"", ""N"", ""C"", ""C"", ""C"", ""H"", ""H"", ""H"", ""H"", ""H"", ""H"", ""H"", ""H"", ""H"", ""H"", ""H"", ""H"", ""H"", ""H"", ""O"", ""C"", ""N"", ""C"", ""C"", ""C"", ""C"", ""C"", ""C"", ""N"", ""C"", ""C"", ""C"", ""C"", ""N"", ""C"", ""O"", ""N"", ""C"", ""C"", ""C"", ""C"", ""C"", ""C"", ""C"", ""N"", ""C"", ""O"", ""N"", ""C"", ""C"", ""C"", ""H"", ""H"", ""H"", ""H"", ""H"", ""H"", ""H"", ""H"", ""H"", ""H"", ""H"", ""H"", ""H"", ""H""]",C92H56N24O12,"[true, true, true]","[17.847169865614987, 0.0, 0.0, 0.0, 12.752970356941141, 0.0, 0.0, 0.0, 20.48697314654192]",4662.925809622119,[],"{""cutoff=4.500_skin=0.000"": 3600, ""cutoff=4.500_skin=0.250"": 4216, ""cutoff=4.500_skin=0.500"": 4568, ""cutoff=4.500_skin=1.000"": 5512, ""cutoff=5.000_skin=0.000"": 4568, ""cutoff=5.000_skin=0.250"": 4920, ""cutoff=5.000_skin=0.500"": 5512, ""cutoff=5.000_skin=1.000"": 6688, ""cutoff=6.000_skin=0.000"": 6688, ""cutoff=6.000_skin=0.250"": 7264, ""cutoff=6.000_skin=0.500"": 7952, ""cutoff=6.000_skin=1.000"": 9744}",0.0,,
OPT-H184-R32-v1,044c2bdfdcbed4f7b1d4e7320e1a9e8338d2778fcd04d1b970b18d6812b8d6a5,OPT-H184-R32-v1:0003,Aven12_33_292_z1,5d64891f9fba316367e5b0181cbb238ea6e9fc9d71e0a11203d7f2ce547ab039,3,T2_test,Aven12_33_292_z1.cif,95f5cc8cdc6d1e11be88ce6ac4455da60a0dc30efdc5fcefff1c84245fcd6125,5d64891f9fba316367e5b0181cbb238ea6e9fc9d71e0a11203d7f2ce547ab039,0,184,"[""O"", ""C"", ""N"", ""C"", ""C"", ""C"", ""C"", ""C"", ""C"", ""N"", ""C"", ""C"", ""C"", ""C"", ""N"", ""C"", ""O"", ""N"", ""C"", ""C"", ""C"", ""C"", ""C"", ""C"", ""C"", ""N"", ""C"", ""O"", ""N"", ""C"", ""C"", ""C"", ""H"", ""H"", ""H"", ""H"", ""H"", ""H"", ""H"", ""H"", ""H"", ""H"", ""H"", ""H"", ""H"", ""H"", ""O"", ""C"", ""N"", ""C"", ""C"", ""C"", ""C"", ""C"", ""C"", ""N"", ""C"", ""C"", ""C"", ""C"", ""N"", ""C"", ""O"", ""N"", ""C"", ""C"", ""C"", ""C"", ""C"", ""C"", ""C"", ""N"", ""C"", ""O"", ""N"", ""C"", ""C"", ""C"", ""H"", ""H"", ""H"", ""H"", ""H"", ""H"", ""H"", ""H"", ""H"", ""H"", ""H"", ""H"", ""H"", ""H"", ""O"", ""C"", ""N"", ""C"", ""C"", ""C"", ""C"", ""C"", ""C"", ""N"", ""C"", ""C"", ""C"", ""C"", ""N"", ""C"", ""O"", ""N"", ""C"", ""C"", ""C"", ""C"", ""C"", ""C"", ""C"", ""N"", ""C"", ""O"", ""N"", ""C"", ""C"", ""C"", ""H"", ""H"", ""H"", ""H"", ""H"", ""H"", ""H"", ""H"", ""H"", ""H"", ""H"", ""H"", ""H"", ""H"", ""O"", ""C"", ""N"", ""C"", ""C"", ""C"", ""C"", ""C"", ""C"", ""N"", ""C"", ""C"", ""C"", ""C"", ""N"", ""C"", ""O"", ""N"", ""C"", ""C"", ""C"", ""C"", ""C"", ""C"", ""C"", ""N"", ""C"", ""O"", ""N"", ""C"", ""C"", ""C"", ""H"", ""H"", ""H"", ""H"", ""H"", ""H"", ""H"", ""H"", ""H"", ""H"", ""H"", ""H"", ""H"", ""H""]",C92H56N24O12,"[true, true, true]","[22.913318246856882, 0.0, 0.0, 0.0, 14.53095239519834, 0.0, 0.0, 0.0, 14.862109197619176]",4948.373985059836,[],"{""cutoff=4.500_skin=0.000"": 3568, ""cutoff=4.500_skin=0.250"": 4168, ""cutoff=4.500_skin=0.500"": 4592, ""cutoff=4.500_skin=1.000"": 5528, ""cutoff=5.000_skin=0.000"": 4592, ""cutoff=5.000_skin=0.250"": 5056, ""cutoff=5.000_skin=0.500"": 5528, ""cutoff=5.000_skin=1.000"": 6880, ""cutoff=6.000_skin=0.000"": 6880, ""cutoff=6.000_skin=0.250"": 7432, ""cutoff=6.000_skin=0.500"": 8208, ""cutoff=6.000_skin=1.000"": 10048}",0.0,,
OPT-H184-R32-v1,044c2bdfdcbed4f7b1d4e7320e1a9e8338d2778fcd04d1b970b18d6812b8d6a5,OPT-H184-R32-v1:0004,Aven12_77_144_z1,a5d82831f44fdc785c13f900796fa9270c7e29d6c2cb1741560373e4ffb61949,4,T2_test,Aven12_77_144_z1.cif,144d044ecf0e083aa11518072ea7dd0d55c5d445640680450c38a06a3673eba6,a5d82831f44fdc785c13f900796fa9270c7e29d6c2cb1741560373e4ffb61949,0,184,"[""O"", ""C"", ""N"", ""C"", ""C"", ""C"", ""C"", ""C"", ""C"", ""N"", ""C"", ""C"", ""C"", ""C"", ""N"", ""C"", ""O"", ""N"", ""C"", ""C"", ""C"", ""C"", ""C"", ""C"", ""C"", ""N"", ""C"", ""O"", ""N"", ""C"", ""C"", ""C"", ""H"", ""H"", ""H"", ""H"", ""H"", ""H"", ""H"", ""H"", ""H"", ""H"", ""H"", ""H"", ""H"", ""H"", ""O"", ""C"", ""N"", ""C"", ""C"", ""C"", ""C"", ""C"", ""C"", ""N"", ""C"", ""C"", ""C"", ""C"", ""N"", ""C"", ""O"", ""N"", ""C"", ""C"", ""C"", ""C"", ""C"", ""C"", ""C"", ""N"", ""C"", ""O"", ""N"", ""C"", ""C"", ""C"", ""H"", ""H"", ""H"", ""H"", ""H"", ""H"", ""H"", ""H"", ""H"", ""H"", ""H"", ""H"", ""H"", ""H"", ""O"", ""C"", ""N"", ""C"", ""C"", ""C"", ""C"", ""C"", ""C"", ""N"", ""C"", ""C"", ""C"", ""C"", ""N"", ""C"", ""O"", ""N"", ""C"", ""C"", ""C"", ""C"", ""C"", ""C"", ""C"", ""N"", ""C"", ""O"", ""N"", ""C"", ""C"", ""C"", ""H"", ""H"", ""H"", ""H"", ""H"", ""H"", ""H"", ""H"", ""H"", ""H"", ""H"", ""H"", ""H"", ""H"", ""O"", ""C"", ""N"", ""C"", ""C"", ""C"", ""C"", ""C"", ""C"", ""N"", ""C"", ""C"", ""C"", ""C"", ""N"", ""C"", ""O"", ""N"", ""C"", ""C"", ""C"", ""C"", ""C"", ""C"", ""C"", ""N"", ""C"", ""O"", ""N"", ""C"", ""C"", ""C"", ""H"", ""H"", ""H"", ""H"", ""H"", ""H"", ""H"", ""H"", ""H"", ""H"", ""H"", ""H"", ""H"", ""H""]",C92H56N24O12,"[true, true, true]","[22.97111391837747, 0.0, 0.0, 0.0, 22.97111391837747, 0.0, 0.0, 0.0, 11.147894439387123]",5882.432586822591,[],"{""cutoff=4.500_skin=0.000"": 3324, ""cutoff=4.500_skin=0.250"": 3780, ""cutoff=4.500_skin=0.500"": 4112, ""cutoff=4.500_skin=1.000"": 4928, ""cutoff=5.000_skin=0.000"": 4112, ""cutoff=5.000_skin=0.250"": 4444, ""cutoff=5.000_skin=0.500"": 4928, ""cutoff=5.000_skin=1.000"": 6048, ""cutoff=6.000_skin=0.000"": 6048, ""cutoff=6.000_skin=0.250"": 6564, ""cutoff=6.000_skin=0.500"": 7188, ""cutoff=6.000_skin=1.000"": 8700}",0.0,,
OPT-H184-R32-v1,044c2bdfdcbed4f7b1d4e7320e1a9e8338d2778fcd04d1b970b18d6812b8d6a5,OPT-H184-R32-v1:0005,Aven12_14_350_z1,9409e820a84588657120bf97a05c7fbd485fc059f67b3d4bdc5829651f6a1902,5,T2_test,Aven12_14_350_z1.cif,525ca4b4c0e432044e8eaa8bd07b231f4c871dbd210fd407fdb976a916803c26,9409e820a84588657120bf97a05c7fbd485fc059f67b3d4bdc5829651f6a1902,0,184,"[""O"", ""C"", ""N"", ""C"", ""C"", ""C"", ""C"", ""C"", ""C"", ""N"", ""C"", ""C"", ""C"", ""C"", ""N"", ""C"", ""O"", ""N"", ""C"", ""C"", ""C"", ""C"", ""C"", ""C"", ""C"", ""N"", ""C"", ""O"", ""N"", ""C"", ""C"", ""C"", ""H"", ""H"", ""H"", ""H"", ""H"", ""H"", ""H"", ""H"", ""H"", ""H"", ""H"", ""H"", ""H"", ""H"", ""O"", ""C"", ""N"", ""C"", ""C"", ""C"", ""C"", ""C"", ""C"", ""N"", ""C"", ""C"", ""C"", ""C"", ""N"", ""C"", ""O"", ""N"", ""C"", ""C"", ""C"", ""C"", ""C"", ""C"", ""C"", ""N"", ""C"", ""O"", ""N"", ""C"", ""C"", ""C"", ""H"", ""H"", ""H"", ""H"", ""H"", ""H"", ""H"", ""H"", ""H"", ""H"", ""H"", ""H"", ""H"", ""H"", ""O"", ""C"", ""N"", ""C"", ""C"", ""C"", ""C"", ""C"", ""C"", ""N"", ""C"", ""C"", ""C"", ""C"", ""N"", ""C"", ""O"", ""N"", ""C"", ""C"", ""C"", ""C"", ""C"", ""C"", ""C"", ""N"", ""C"", ""O"", ""N"", ""C"", ""C"", ""C"", ""H"", ""H"", ""H"", ""H"", ""H"", ""H"", ""H"", ""H"", ""H"", ""H"", ""H"", ""H"", ""H"", ""H"", ""O"", ""C"", ""N"", ""C"", ""C"", ""C"", ""C"", ""C"", ""C"", ""N"", ""C"", ""C"", ""C"", ""C"", ""N"", ""C"", ""O"", ""N"", ""C"", ""C"", ""C"", ""C"", ""C"", ""C"", ""C"", ""N"", ""C"", ""O"", ""N"", ""C"", ""C"", ""C"", ""H"", ""H"", ""H"", ""H"", ""H"", ""H"", ""H"", ""H"", ""H"", ""H"", ""H"", ""H"", ""H"", ""H""]",C92H56N24O12,"[true, true, true]","[10.497745866028438, 0.0, 0.0, 0.0, 22.7664118947404, 0.0, -6.876081401905934, 0.0, 23.266902466164066]",5560.696769601966,[],"{""cutoff=4.500_skin=0.000"": 3408, ""cutoff=4.500_skin=0.250"": 3992, ""cutoff=4.500_skin=0.500"": 4304, ""cutoff=4.500_skin=1.000"": 5136, ""cutoff=5.000_skin=0.000"": 4304, ""cutoff=5.000_skin=0.250"": 4648, ""cutoff=5.000_skin=0.500"": 5136, ""cutoff=5.000_skin=1.000"": 6192, ""cutoff=6.000_skin=0.000"": 6192, ""cutoff=6.000_skin=0.250"": 6656, ""cutoff=6.000_skin=0.500"": 7408, ""cutoff=6.000_skin=1.000"": 8992}",0.0,,
OPT-H184-R32-v1,044c2bdfdcbed4f7b1d4e7320e1a9e8338d2778fcd04d1b970b18d6812b8d6a5,OPT-H184-R32-v1:0006,Aven12_19_164_z1,d5ffeb0ee52cf0fe9973ab82e149dd48b675b0c45a8fcba023ce73c13b11b625,6,T2_test,Aven12_19_164_z1.cif,4ce3a470db5da6ef99d0649333ea6bf831b13035d70061d2848a08af2b9b80b5,d5ffeb0ee52cf0fe9973ab82e149dd48b675b0c45a8fcba023ce73c13b11b625,0,184,"[""O"", ""C"", ""N"", ""C"", ""C"", ""C"", ""C"", ""C"", ""C"", ""N"", ""C"", ""C"", ""C"", ""C"", ""N"", ""C"", ""O"", ""N"", ""C"", ""C"", ""C"", ""C"", ""C"", ""C"", ""C"", ""N"", ""C"", ""O"", ""N"", ""C"", ""C"", ""C"", ""H"", ""H"", ""H"", ""H"", ""H"", ""H"", ""H"", ""H"", ""H"", ""H"", ""H"", ""H"", ""H"", ""H"", ""O"", ""C"", ""N"", ""C"", ""C"", ""C"", ""C"", ""C"", ""C"", ""N"", ""C"", ""C"", ""C"", ""C"", ""N"", ""C"", ""O"", ""N"", ""C"", ""C"", ""C"", ""C"", ""C"", ""C"", ""C"", ""N"", ""C"", ""O"", ""N"", ""C"", ""C"", ""C"", ""H"", ""H"", ""H"", ""H"", ""H"", ""H"", ""H"", ""H"", ""H"", ""H"", ""H"", ""H"", ""H"", ""H"", ""O"", ""C"", ""N"", ""C"", ""C"", ""C"", ""C"", ""C"", ""C"", ""N"", ""C"", ""C"", ""C"", ""C"", ""N"", ""C"", ""O"", ""N"", ""C"", ""C"", ""C"", ""C"", ""C"", ""C"", ""C"", ""N"", ""C"", ""O"", ""N"", ""C"", ""C"", ""C"", ""H"", ""H"", ""H"", ""H"", ""H"", ""H"", ""H"", ""H"", ""H"", ""H"", ""H"", ""H"", ""H"", ""H"", ""O"", ""C"", ""N"", ""C"", ""C"", ""C"", ""C"", ""C"", ""C"", ""N"", ""C"", ""C"", ""C"", ""C"", ""N"", ""C"", ""O"", ""N"", ""C"", ""C"", ""C"", ""C"", ""C"", ""C"", ""C"", ""N"", ""C"", ""O"", ""N"", ""C"", ""C"", ""C"", ""H"", ""H"", ""H"", ""H"", ""H"", ""H"", ""H"", ""H"", ""H"", ""H"", ""H"", ""H"", ""H"", ""H""]",C92H56N24O12,"[true, true, true]","[14.108540968278504, 0.0, 0.0, 0.0, 16.450316191511696, 0.0, 0.0, 0.0, 15.980273552769916]",3708.861048518074,[],"{""cutoff=4.500_skin=0.000"": 3824, ""cutoff=4.500_skin=0.250"": 4440, ""cutoff=4.500_skin=0.500"": 4904, ""cutoff=4.500_skin=1.000"": 6208, ""cutoff=5.000_skin=0.000"": 4904, ""cutoff=5.000_skin=0.250"": 5464, ""cutoff=5.000_skin=0.500"": 6208, ""cutoff=5.000_skin=1.000"": 7752, ""cutoff=6.000_skin=0.000"": 7752, ""cutoff=6.000_skin=0.250"": 8584, ""cutoff=6.000_skin=0.500"": 9608, ""cutoff=6.000_skin=1.000"": 12176}",0.0,,
OPT-H184-R32-v1,044c2bdfdcbed4f7b1d4e7320e1a9e8338d2778fcd04d1b970b18d6812b8d6a5,OPT-H184-R32-v1:0007,Aven12_19_457_z1,24147d380fa2fe568cb25e90d28e94fabe742156d74c9026074460dcf12538d1,7,T2_test,Aven12_19_457_z1.cif,f0e5c5d00b03bd375eb352d325d4b5a925b0889a98e26c846ad8be2375b7ba23,24147d380fa2fe568cb25e90d28e94fabe742156d74c9026074460dcf12538d1,0,184,"[""O"", ""C"", ""N"", ""C"", ""C"", ""C"", ""C"", ""C"", ""C"", ""N"", ""C"", ""C"", ""C"", ""C"", ""N"", ""C"", ""O"", ""N"", ""C"", ""C"", ""C"", ""C"", ""C"", ""C"", ""C"", ""N"", ""C"", ""O"", ""N"", ""C"", ""C"", ""C"", ""H"", ""H"", ""H"", ""H"", ""H"", ""H"", ""H"", ""H"", ""H"", ""H"", ""H"", ""H"", ""H"", ""H"", ""O"", ""C"", ""N"", ""C"", ""C"", ""C"", ""C"", ""C"", ""C"", ""N"", ""C"", ""C"", ""C"", ""C"", ""N"", ""C"", ""O"", ""N"", ""C"", ""C"", ""C"", ""C"", ""C"", ""C"", ""C"", ""N"", ""C"", ""O"", ""N"", ""C"", ""C"", ""C"", ""H"", ""H"", ""H"", ""H"", ""H"", ""H"", ""H"", ""H"", ""H"", ""H"", ""H"", ""H"", ""H"", ""H"", ""O"", ""C"", ""N"", ""C"", ""C"", ""C"", ""C"", ""C"", ""C"", ""N"", ""C"", ""C"", ""C"", ""C"", ""N"", ""C"", ""O"", ""N"", ""C"", ""C"", ""C"", ""C"", ""C"", ""C"", ""C"", ""N"", ""C"", ""O"", ""N"", ""C"", ""C"", ""C"", ""H"", ""H"", ""H"", ""H"", ""H"", ""H"", ""H"", ""H"", ""H"", ""H"", ""H"", ""H"", ""H"", ""H"", ""O"", ""C"", ""N"", ""C"", ""C"", ""C"", ""C"", ""C"", ""C"", ""N"", ""C"", ""C"", ""C"", ""C"", ""N"", ""C"", ""O"", ""N"", ""C"", ""C"", ""C"", ""C"", ""C"", ""C"", ""C"", ""N"", ""C"", ""O"", ""N"", ""C"", ""C"", ""C"", ""H"", ""H"", ""H"", ""H"", ""H"", ""H"", ""H"", ""H"", ""H"", ""H"", ""H"", ""H"", ""H"", ""H""]",C92H56N24O12,"[true, true, true]","[15.602147792958114, 0.0, 0.0, 0.0, 17.82737783064865, 0.0, 0.0, 0.0, 16.944845338227296]",4713.130507909435,[],"{""cutoff=4.500_skin=0.000"": 3808, ""cutoff=4.500_skin=0.250"": 4440, ""cutoff=4.500_skin=0.500"": 4872, ""cutoff=4.500_skin=1.000"": 5896, ""cutoff=5.000_skin=0.000"": 4872, ""cutoff=5.000_skin=0.250"": 5328, ""cutoff=5.000_skin=0.500"": 5896, ""cutoff=5.000_skin=1.000"": 7344, ""cutoff=6.000_skin=0.000"": 7344, ""cutoff=6.000_skin=0.250"": 8176, ""cutoff=6.000_skin=0.500"": 9096, ""cutoff=6.000_skin=1.000"": 11160}",0.0,,
OPT-H184-R32-v1,044c2bdfdcbed4f7b1d4e7320e1a9e8338d2778fcd04d1b970b18d6812b8d6a5,OPT-H184-R32-v1:0008,Aven12_14_195_z1,18d017c81b8c1b4adead065b9cb4914f0bfb6afa15995923bdd257a824c00607,8,T2_test,Aven12_14_195_z1.cif,0a27f77624259467365f9a695e2b3411cbae7a87d2314f872822871a4508c2ae,18d017c81b8c1b4adead065b9cb4914f0bfb6afa15995923bdd257a824c00607,0,184,"[""O"", ""C"", ""N"", ""C"", ""C"", ""C"", ""C"", ""C"", ""C"", ""N"", ""C"", ""C"", ""C"", ""C"", ""N"", ""C"", ""O"", ""N"", ""C"", ""C"", ""C"", ""C"", ""C"", ""C"", ""C"", ""N"", ""C"", ""O"", ""N"", ""C"", ""C"", ""C"", ""H"", ""H"", ""H"", ""H"", ""H"", ""H"", ""H"", ""H"", ""H"", ""H"", ""H"", ""H"", ""H"", ""H"", ""O"", ""C"", ""N"", ""C"", ""C"", ""C"", ""C"", ""C"", ""C"", ""N"", ""C"", ""C"", ""C"", ""C"", ""N"", ""C"", ""O"", ""N"", ""C"", ""C"", ""C"", ""C"", ""C"", ""C"", ""C"", ""N"", ""C"", ""O"", ""N"", ""C"", ""C"", ""C"", ""H"", ""H"", ""H"", ""H"", ""H"", ""H"", ""H"", ""H"", ""H"", ""H"", ""H"", ""H"", ""H"", ""H"", ""O"", ""C"", ""N"", ""C"", ""C"", ""C"", ""C"", ""C"", ""C"", ""N"", ""C"", ""C"", ""C"", ""C"", ""N"", ""C"", ""O"", ""N"", ""C"", ""C"", ""C"", ""C"", ""C"", ""C"", ""C"", ""N"", ""C"", ""O"", ""N"", ""C"", ""C"", ""C"", ""H"", ""H"", ""H"", ""H"", ""H"", ""H"", ""H"", ""H"", ""H"", ""H"", ""H"", ""H"", ""H"", ""H"", ""O"", ""C"", ""N"", ""C"", ""C"", ""C"", ""C"", ""C"", ""C"", ""N"", ""C"", ""C"", ""C"", ""C"", ""N"", ""C"", ""O"", ""N"", ""C"", ""C"", ""C"", ""C"", ""C"", ""C"", ""C"", ""N"", ""C"", ""O"", ""N"", ""C"", ""C"", ""C"", ""H"", ""H"", ""H"", ""H"", ""H"", ""H"", ""H"", ""H"", ""H"", ""H"", ""H"", ""H"", ""H"", ""H""]",C92H56N24O12,"[true, true, true]","[13.018803135388538, 0.0, 0.0, 0.0, 27.13166229858478, 0.0, 7.453959308927607, 0.0, 14.213531202388262]",5020.528652116415,[],"{""cutoff=4.500_skin=0.000"": 3564, ""cutoff=4.500_skin=0.250"": 4100, ""cutoff=4.500_skin=0.500"": 4500, ""cutoff=4.500_skin=1.000"": 5388, ""cutoff=5.000_skin=0.000"": 4500, ""cutoff=5.000_skin=0.250"": 4924, ""cutoff=5.000_skin=0.500"": 5388, ""cutoff=5.000_skin=1.000"": 6504, ""cutoff=6.000_skin=0.000"": 6504, ""cutoff=6.000_skin=0.250"": 7128, ""cutoff=6.000_skin=0.500"": 7728, ""cutoff=6.000_skin=1.000"": 9408}",0.0,,
OPT-H184-R32-v1,044c2bdfdcbed4f7b1d4e7320e1a9e8338d2778fcd04d1b970b18d6812b8d6a5,OPT-H184-R32-v1:0009,Aven12_9_194_z1,037a1662289ccbf4a12d2124c802c5b0ed66e4d3e777b1c5a7c770f7d34a1ff3,9,T2_test,Aven12_9_194_z1.cif,4208d4b4cd7b17682efa733cfaadc8c2b42c2258571063f4d26a98db06af8fa0,037a1662289ccbf4a12d2124c802c5b0ed66e4d3e777b1c5a7c770f7d34a1ff3,0,184,"[""O"", ""C"", ""N"", ""C"", ""C"", ""C"", ""C"", ""C"", ""C"", ""N"", ""C"", ""C"", ""C"", ""C"", ""N"", ""C"", ""O"", ""N"", ""C"", ""C"", ""C"", ""C"", ""C"", ""C"", ""C"", ""N"", ""C"", ""O"", ""N"", ""C"", ""C"", ""C"", ""H"", ""H"", ""H"", ""H"", ""H"", ""H"", ""H"", ""H"", ""H"", ""H"", ""H"", ""H"", ""H"", ""H"", ""O"", ""C"", ""N"", ""C"", ""C"", ""C"", ""C"", ""C"", ""C"", ""N"", ""C"", ""C"", ""C"", ""C"", ""N"", ""C"", ""O"", ""N"", ""C"", ""C"", ""C"", ""C"", ""C"", ""C"", ""C"", ""N"", ""C"", ""O"", ""N"", ""C"", ""C"", ""C"", ""H"", ""H"", ""H"", ""H"", ""H"", ""H"", ""H"", ""H"", ""H"", ""H"", ""H"", ""H"", ""H"", ""H"", ""O"", ""C"", ""N"", ""C"", ""C"", ""C"", ""C"", ""C"", ""C"", ""N"", ""C"", ""C"", ""C"", ""C"", ""N"", ""C"", ""O"", ""N"", ""C"", ""C"", ""C"", ""C"", ""C"", ""C"", ""C"", ""N"", ""C"", ""O"", ""N"", ""C"", ""C"", ""C"", ""H"", ""H"", ""H"", ""H"", ""H"", ""H"", ""H"", ""H"", ""H"", ""H"", ""H"", ""H"", ""H"", ""H"", ""O"", ""C"", ""N"", ""C"", ""C"", ""C"", ""C"", ""C"", ""C"", ""N"", ""C"", ""C"", ""C"", ""C"", ""N"", ""C"", ""O"", ""N"", ""C"", ""C"", ""C"", ""C"", ""C"", ""C"", ""C"", ""N"", ""C"", ""O"", ""N"", ""C"", ""C"", ""C"", ""H"", ""H"", ""H"", ""H"", ""H"", ""H"", ""H"", ""H"", ""H"", ""H"", ""H"", ""H"", ""H"", ""H""]",C92H56N24O12,"[true, true, true]","[12.650106027136218, 0.0, 0.0, 0.0, 18.785960875187342, 0.0, -7.836585200666781, 0.0, 16.39825862183885]",3896.954280278273,[],"{""cutoff=4.500_skin=0.000"": 3624, ""cutoff=4.500_skin=0.250"": 4264, ""cutoff=4.500_skin=0.500"": 4816, ""cutoff=4.500_skin=1.000"": 5904, ""cutoff=5.000_skin=0.000"": 4816, ""cutoff=5.000_skin=0.250"": 5304, ""cutoff=5.000_skin=0.500"": 5904, ""cutoff=5.000_skin=1.000"": 7504, ""cutoff=6.000_skin=0.000"": 7504, ""cutoff=6.000_skin=0.250"": 8384, ""cutoff=6.000_skin=0.500"": 9504, ""cutoff=6.000_skin=1.000"": 11976}",0.0,,
OPT-H184-R32-v1,044c2bdfdcbed4f7b1d4e7320e1a9e8338d2778fcd04d1b970b18d6812b8d6a5,OPT-H184-R32-v1:0010,Aven12_77_1310_z1,c8f7b2c7c59b456eba94d4a0e2e03ff01a8957f3209d06a250751ccc0afddac7,10,T2_test,Aven12_77_1310_z1.cif,d7b60262878b8caaf6fada08c02e3464ccdcc0bee3863d9c5ccad06393f632ff,c8f7b2c7c59b456eba94d4a0e2e03ff01a8957f3209d06a250751ccc0afddac7,0,184,"[""O"", ""C"", ""N"", ""C"", ""C"", ""C"", ""C"", ""C"", ""C"", ""N"", ""C"", ""C"", ""C"", ""C"", ""N"", ""C"", ""O"", ""N"", ""C"", ""C"", ""C"", ""C"", ""C"", ""C"", ""C"", ""N"", ""C"", ""O"", ""N"", ""C"", ""C"", ""C"", ""H"", ""H"", ""H"", ""H"", ""H"", ""H"", ""H"", ""H"", ""H"", ""H"", ""H"", ""H"", ""H"", ""H"", ""O"", ""C"", ""N"", ""C"", ""C"", ""C"", ""C"", ""C"", ""C"", ""N"", ""C"", ""C"", ""C"", ""C"", ""N"", ""C"", ""O"", ""N"", ""C"", ""C"", ""C"", ""C"", ""C"", ""C"", ""C"", ""N"", ""C"", ""O"", ""N"", ""C"", ""C"", ""C"", ""H"", ""H"", ""H"", ""H"", ""H"", ""H"", ""H"", ""H"", ""H"", ""H"", ""H"", ""H"", ""H"", ""H"", ""O"", ""C"", ""N"", ""C"", ""C"", ""C"", ""C"", ""C"", ""C"", ""N"", ""C"", ""C"", ""C"", ""C"", ""N"", ""C"", ""O"", ""N"", ""C"", ""C"", ""C"", ""C"", ""C"", ""C"", ""C"", ""N"", ""C"", ""O"", ""N"", ""C"", ""C"", ""C"", ""H"", ""H"", ""H"", ""H"", ""H"", ""H"", ""H"", ""H"", ""H"", ""H"", ""H"", ""H"", ""H"", ""H"", ""O"", ""C"", ""N"", ""C"", ""C"", ""C"", ""C"", ""C"", ""C"", ""N"", ""C"", ""C"", ""C"", ""C"", ""N"", ""C"", ""O"", ""N"", ""C"", ""C"", ""C"", ""C"", ""C"", ""C"", ""C"", ""N"", ""C"", ""O"", ""N"", ""C"", ""C"", ""C"", ""H"", ""H"", ""H"", ""H"", ""H"", ""H"", ""H"", ""H"", ""H"", ""H"", ""H"", ""H"", ""H"", ""H""]",C92H56N24O12,"[true, true, true]","[18.513137692755187, 0.0, 0.0, 0.0, 18.513137692755187, 0.0, 0.0, 0.0, 18.87574400663746]",6469.402042041202,[],"{""cutoff=4.500_skin=0.000"": 3396, ""cutoff=4.500_skin=0.250"": 3976, ""cutoff=4.500_skin=0.500"": 4272, ""cutoff=4.500_skin=1.000"": 5104, ""cutoff=5.000_skin=0.000"": 4272, ""cutoff=5.000_skin=0.250"": 4608, ""cutoff=5.000_skin=0.500"": 5104, ""cutoff=5.000_skin=1.000"": 6024, ""cutoff=6.000_skin=0.000"": 6024, ""cutoff=6.000_skin=0.250"": 6528, ""cutoff=6.000_skin=0.500"": 7192, ""cutoff=6.000_skin=1.000"": 8712}",0.0,,
OPT-H184-R32-v1,044c2bdfdcbed4f7b1d4e7320e1a9e8338d2778fcd04d1b970b18d6812b8d6a5,OPT-H184-R32-v1:0011,Aven12_19_103_z1,bf54f05bb959043fdabd5caa634f73ff91bfb72555fdf415116d0be4514fc7f5,11,T2_test,Aven12_19_103_z1.cif,80bc6d5d44a9720d6f90fac997b6afff240b5ea719fd4a0c536499e701116e23,bf54f05bb959043fdabd5caa634f73ff91bfb72555fdf415116d0be4514fc7f5,0,184,"[""O"", ""C"", ""N"", ""C"", ""C"", ""C"", ""C"", ""C"", ""C"", ""N"", ""C"", ""C"", ""C"", ""C"", ""N"", ""C"", ""O"", ""N"", ""C"", ""C"", ""C"", ""C"", ""C"", ""C"", ""C"", ""N"", ""C"", ""O"", ""N"", ""C"", ""C"", ""C"", ""H"", ""H"", ""H"", ""H"", ""H"", ""H"", ""H"", ""H"", ""H"", ""H"", ""H"", ""H"", ""H"", ""H"", ""O"", ""C"", ""N"", ""C"", ""C"", ""C"", ""C"", ""C"", ""C"", ""N"", ""C"", ""C"", ""C"", ""C"", ""N"", ""C"", ""O"", ""N"", ""C"", ""C"", ""C"", ""C"", ""C"", ""C"", ""C"", ""N"", ""C"", ""O"", ""N"", ""C"", ""C"", ""C"", ""H"", ""H"", ""H"", ""H"", ""H"", ""H"", ""H"", ""H"", ""H"", ""H"", ""H"", ""H"", ""H"", ""H"", ""O"", ""C"", ""N"", ""C"", ""C"", ""C"", ""C"", ""C"", ""C"", ""N"", ""C"", ""C"", ""C"", ""C"", ""N"", ""C"", ""O"", ""N"", ""C"", ""C"", ""C"", ""C"", ""C"", ""C"", ""C"", ""N"", ""C"", ""O"", ""N"", ""C"", ""C"", ""C"", ""H"", ""H"", ""H"", ""H"", ""H"", ""H"", ""H"", ""H"", ""H"", ""H"", ""H"", ""H"", ""H"", ""H"", ""O"", ""C"", ""N"", ""C"", ""C"", ""C"", ""C"", ""C"", ""C"", ""N"", ""C"", ""C"", ""C"", ""C"", ""N"", ""C"", ""O"", ""N"", ""C"", ""C"", ""C"", ""C"", ""C"", ""C"", ""C"", ""N"", ""C"", ""O"", ""N"", ""C"", ""C"", ""C"", ""H"", ""H"", ""H"", ""H"", ""H"", ""H"", ""H"", ""H"", ""H"", ""H"", ""H"", ""H"", ""H"", ""H""]",C92H56N24O12,"[true, true, true]","[12.980010092899544, 0.0, 0.0, 0.0, 20.989679842959262, 0.0, 0.0, 0.0, 19.216243901048195]",5235.3937092269525,[],"{""cutoff=4.500_skin=0.000"": 3400, ""cutoff=4.500_skin=0.250"": 3968, ""cutoff=4.500_skin=0.500"": 4408, ""cutoff=4.500_skin=1.000"": 5456, ""cutoff=5.000_skin=0.000"": 4408, ""cutoff=5.000_skin=0.250"": 4840, ""cutoff=5.000_skin=0.500"": 5456, ""cutoff=5.000_skin=1.000"": 6848, ""cutoff=6.000_skin=0.000"": 6848, ""cutoff=6.000_skin=0.250"": 7512, ""cutoff=6.000_skin=0.500"": 8352, ""cutoff=6.000_skin=1.000"": 10200}",0.0,,
OPT-H184-R32-v1,044c2bdfdcbed4f7b1d4e7320e1a9e8338d2778fcd04d1b970b18d6812b8d6a5,OPT-H184-R32-v1:0012,Aven12_19_37_z1,6062a6fbd72667e25e44fcad140550a90c9ea91569e293e0b282a54719abfdcd,12,T2_test,Aven12_19_37_z1.cif,b9aa18b984dbbb033b4aa277494d3db2e2bd30587984ec3b0c16c12993bc8d76,6062a6fbd72667e25e44fcad140550a90c9ea91569e293e0b282a54719abfdcd,0,184,"[""O"", ""C"", ""N"", ""C"", ""C"", ""C"", ""C"", ""C"", ""C"", ""N"", ""C"", ""C"", ""C"", ""C"", ""N"", ""C"", ""O"", ""N"", ""C"", ""C"", ""C"", ""C"", ""C"", ""C"", ""C"", ""N"", ""C"", ""O"", ""N"", ""C"", ""C"", ""C"", ""H"", ""H"", ""H"", ""H"", ""H"", ""H"", ""H"", ""H"", ""H"", ""H"", ""H"", ""H"", ""H"", ""H"", ""O"", ""C"", ""N"", ""C"", ""C"", ""C"", ""C"", ""C"", ""C"", ""N"", ""C"", ""C"", ""C"", ""C"", ""N"", ""C"", ""O"", ""N"", ""C"", ""C"", ""C"", ""C"", ""C"", ""C"", ""C"", ""N"", ""C"", ""O"", ""N"", ""C"", ""C"", ""C"", ""H"", ""H"", ""H"", ""H"", ""H"", ""H"", ""H"", ""H"", ""H"", ""H"", ""H"", ""H"", ""H"", ""H"", ""O"", ""C"", ""N"", ""C"", ""C"", ""C"", ""C"", ""C"", ""C"", ""N"", ""C"", ""C"", ""C"", ""C"", ""N"", ""C"", ""O"", ""N"", ""C"", ""C"", ""C"", ""C"", ""C"", ""C"", ""C"", ""N"", ""C"", ""O"", ""N"", ""C"", ""C"", ""C"", ""H"", ""H"", ""H"", ""H"", ""H"", ""H"", ""H"", ""H"", ""H"", ""H"", ""H"", ""H"", ""H"", ""H"", ""O"", ""C"", ""N"", ""C"", ""C"", ""C"", ""C"", ""C"", ""C"", ""N"", ""C"", ""C"", ""C"", ""C"", ""N"", ""C"", ""O"", ""N"", ""C"", ""C"", ""C"", ""C"", ""C"", ""C"", ""C"", ""N"", ""C"", ""O"", ""N"", ""C"", ""C"", ""C"", ""H"", ""H"", ""H"", ""H"", ""H"", ""H"", ""H"", ""H"", ""H"", ""H"", ""H"", ""H"", ""H"", ""H""]",C92H56N24O12,"[true, true, true]","[28.528334307822192, 0.0, 0.0, 0.0, 15.312777718736715, 0.0, 0.0, 0.0, 23.170289038395786]",10121.895397641607,[],"{""cutoff=4.500_skin=0.000"": 3288, ""cutoff=4.500_skin=0.250"": 3752, ""cutoff=4.500_skin=0.500"": 4016, ""cutoff=4.500_skin=1.000"": 4664, ""cutoff=5.000_skin=0.000"": 4016, ""cutoff=5.000_skin=0.250"": 4280, ""cutoff=5.000_skin=0.500"": 4664, ""cutoff=5.000_skin=1.000"": 5440, ""cutoff=6.000_skin=0.000"": 5440, ""cutoff=6.000_skin=0.250"": 5784, ""cutoff=6.000_skin=0.500"": 6296, ""cutoff=6.000_skin=1.000"": 7360}",0.0,,
OPT-H184-R32-v1,044c2bdfdcbed4f7b1d4e7320e1a9e8338d2778fcd04d1b970b18d6812b8d6a5,OPT-H184-R32-v1:0013,Aven12_14_868_z1,452a03e812755a48dc8c898c408916a328e3f8c3e21363d2192a1f0cfacd3ac0,13,T2_test,Aven12_14_868_z1.cif,77d0691439ab70ed9df0ead79308bbaaed19354ca57168e4c0d6bdc669e6a8b1,452a03e812755a48dc8c898c408916a328e3f8c3e21363d2192a1f0cfacd3ac0,0,184,"[""O"", ""C"", ""N"", ""C"", ""C"", ""C"", ""C"", ""C"", ""C"", ""N"", ""C"", ""C"", ""C"", ""C"", ""N"", ""C"", ""O"", ""N"", ""C"", ""C"", ""C"", ""C"", ""C"", ""C"", ""C"", ""N"", ""C"", ""O"", ""N"", ""C"", ""C"", ""C"", ""H"", ""H"", ""H"", ""H"", ""H"", ""H"", ""H"", ""H"", ""H"", ""H"", ""H"", ""H"", ""H"", ""H"", ""O"", ""C"", ""N"", ""C"", ""C"", ""C"", ""C"", ""C"", ""C"", ""N"", ""C"", ""C"", ""C"", ""C"", ""N"", ""C"", ""O"", ""N"", ""C"", ""C"", ""C"", ""C"", ""C"", ""C"", ""C"", ""N"", ""C"", ""O"", ""N"", ""C"", ""C"", ""C"", ""H"", ""H"", ""H"", ""H"", ""H"", ""H"", ""H"", ""H"", ""H"", ""H"", ""H"", ""H"", ""H"", ""H"", ""O"", ""C"", ""N"", ""C"", ""C"", ""C"", ""C"", ""C"", ""C"", ""N"", ""C"", ""C"", ""C"", ""C"", ""N"", ""C"", ""O"", ""N"", ""C"", ""C"", ""C"", ""C"", ""C"", ""C"", ""C"", ""N"", ""C"", ""O"", ""N"", ""C"", ""C"", ""C"", ""H"", ""H"", ""H"", ""H"", ""H"", ""H"", ""H"", ""H"", ""H"", ""H"", ""H"", ""H"", ""H"", ""H"", ""O"", ""C"", ""N"", ""C"", ""C"", ""C"", ""C"", ""C"", ""C"", ""N"", ""C"", ""C"", ""C"", ""C"", ""N"", ""C"", ""O"", ""N"", ""C"", ""C"", ""C"", ""C"", ""C"", ""C"", ""C"", ""N"", ""C"", ""O"", ""N"", ""C"", ""C"", ""C"", ""H"", ""H"", ""H"", ""H"", ""H"", ""H"", ""H"", ""H"", ""H"", ""H"", ""H"", ""H"", ""H"", ""H""]",C92H56N24O12,"[true, true, true]","[8.559713342992048, 0.0, 0.0, 0.0, 26.555400983246344, 0.0, -0.39802212033890605, 0.0, 26.343044100147555]",5987.948318203042,[],"{""cutoff=4.500_skin=0.000"": 3376, ""cutoff=4.500_skin=0.250"": 3840, ""cutoff=4.500_skin=0.500"": 4144, ""cutoff=4.500_skin=1.000"": 4924, ""cutoff=5.000_skin=0.000"": 4144, ""cutoff=5.000_skin=0.250"": 4448, ""cutoff=5.000_skin=0.500"": 4924, ""cutoff=5.000_skin=1.000"": 6028, ""cutoff=6.000_skin=0.000"": 6028, ""cutoff=6.000_skin=0.250"": 6532, ""cutoff=6.000_skin=0.500"": 7228, ""cutoff=6.000_skin=1.000"": 8960}",0.0,,
OPT-H184-R32-v1,044c2bdfdcbed4f7b1d4e7320e1a9e8338d2778fcd04d1b970b18d6812b8d6a5,OPT-H184-R32-v1:0014,Aven12_9_465_z1,932914a679748dbfda46407a3fe8d09ed9dc54826cd2f9c55ee88547fb6b6a4c,14,T2_test,Aven12_9_465_z1.cif,d6ff38a2fc8f241c98eeaa2394559036768b2f013fa7942bc7b5277bb58520ff,932914a679748dbfda46407a3fe8d09ed9dc54826cd2f9c55ee88547fb6b6a4c,0,184,"[""O"", ""C"", ""N"", ""C"", ""C"", ""C"", ""C"", ""C"", ""C"", ""N"", ""C"", ""C"", ""C"", ""C"", ""N"", ""C"", ""O"", ""N"", ""C"", ""C"", ""C"", ""C"", ""C"", ""C"", ""C"", ""N"", ""C"", ""O"", ""N"", ""C"", ""C"", ""C"", ""H"", ""H"", ""H"", ""H"", ""H"", ""H"", ""H"", ""H"", ""H"", ""H"", ""H"", ""H"", ""H"", ""H"", ""O"", ""C"", ""N"", ""C"", ""C"", ""C"", ""C"", ""C"", ""C"", ""N"", ""C"", ""C"", ""C"", ""C"", ""N"", ""C"", ""O"", ""N"", ""C"", ""C"", ""C"", ""C"", ""C"", ""C"", ""C"", ""N"", ""C"", ""O"", ""N"", ""C"", ""C"", ""C"", ""H"", ""H"", ""H"", ""H"", ""H"", ""H"", ""H"", ""H"", ""H"", ""H"", ""H"", ""H"", ""H"", ""H"", ""O"", ""C"", ""N"", ""C"", ""C"", ""C"", ""C"", ""C"", ""C"", ""N"", ""C"", ""C"", ""C"", ""C"", ""N"", ""C"", ""O"", ""N"", ""C"", ""C"", ""C"", ""C"", ""C"", ""C"", ""C"", ""N"", ""C"", ""O"", ""N"", ""C"", ""C"", ""C"", ""H"", ""H"", ""H"", ""H"", ""H"", ""H"", ""H"", ""H"", ""H"", ""H"", ""H"", ""H"", ""H"", ""H"", ""O"", ""C"", ""N"", ""C"", ""C"", ""C"", ""C"", ""C"", ""C"", ""N"", ""C"", ""C"", ""C"", ""C"", ""N"", ""C"", ""O"", ""N"", ""C"", ""C"", ""C"", ""C"", ""C"", ""C"", ""C"", ""N"", ""C"", ""O"", ""N"", ""C"", ""C"", ""C"", ""H"", ""H"", ""H"", ""H"", ""H"", ""H"", ""H"", ""H"", ""H"", ""H"", ""H"", ""H"", ""H"", ""H""]",C92H56N24O12,"[true, true, true]","[17.528984571281843, 0.0, 0.0, 0.0, 19.45267081200317, 0.0, 8.556470303048243, 0.0, 12.655464141420042]",4315.330610010665,[],"{""cutoff=4.500_skin=0.000"": 3536, ""cutoff=4.500_skin=0.250"": 4136, ""cutoff=4.500_skin=0.500"": 4536, ""cutoff=4.500_skin=1.000"": 5488, ""cutoff=5.000_skin=0.000"": 4536, ""cutoff=5.000_skin=0.250"": 4952, ""cutoff=5.000_skin=0.500"": 5488, ""cutoff=5.000_skin=1.000"": 6864, ""cutoff=6.000_skin=0.000"": 6864, ""cutoff=6.000_skin=0.250"": 7584, ""cutoff=6.000_skin=0.500"": 8408, ""cutoff=6.000_skin=1.000"": 10664}",0.0,,
OPT-H184-R32-v1,044c2bdfdcbed4f7b1d4e7320e1a9e8338d2778fcd04d1b970b18d6812b8d6a5,OPT-H184-R32-v1:0015,Aven12_19_47_z1,986cc171c0c8f1127b780fd876bcffb3222cc2afbd8006679482363c08d421b2,15,T2_test,Aven12_19_47_z1.cif,bec394d99c4784ba96faf7394022d05fe8b603c82f4b787c405b9e42bb853d02,986cc171c0c8f1127b780fd876bcffb3222cc2afbd8006679482363c08d421b2,0,184,"[""O"", ""C"", ""N"", ""C"", ""C"", ""C"", ""C"", ""C"", ""C"", ""N"", ""C"", ""C"", ""C"", ""C"", ""N"", ""C"", ""O"", ""N"", ""C"", ""C"", ""C"", ""C"", ""C"", ""C"", ""C"", ""N"", ""C"", ""O"", ""N"", ""C"", ""C"", ""C"", ""H"", ""H"", ""H"", ""H"", ""H"", ""H"", ""H"", ""H"", ""H"", ""H"", ""H"", ""H"", ""H"", ""H"", ""O"", ""C"", ""N"", ""C"", ""C"", ""C"", ""C"", ""C"", ""C"", ""N"", ""C"", ""C"", ""C"", ""C"", ""N"", ""C"", ""O"", ""N"", ""C"", ""C"", ""C"", ""C"", ""C"", ""C"", ""C"", ""N"", ""C"", ""O"", ""N"", ""C"", ""C"", ""C"", ""H"", ""H"", ""H"", ""H"", ""H"", ""H"", ""H"", ""H"", ""H"", ""H"", ""H"", ""H"", ""H"", ""H"", ""O"", ""C"", ""N"", ""C"", ""C"", ""C"", ""C"", ""C"", ""C"", ""N"", ""C"", ""C"", ""C"", ""C"", ""N"", ""C"", ""O"", ""N"", ""C"", ""C"", ""C"", ""C"", ""C"", ""C"", ""C"", ""N"", ""C"", ""O"", ""N"", ""C"", ""C"", ""C"", ""H"", ""H"", ""H"", ""H"", ""H"", ""H"", ""H"", ""H"", ""H"", ""H"", ""H"", ""H"", ""H"", ""H"", ""O"", ""C"", ""N"", ""C"", ""C"", ""C"", ""C"", ""C"", ""C"", ""N"", ""C"", ""C"", ""C"", ""C"", ""N"", ""C"", ""O"", ""N"", ""C"", ""C"", ""C"", ""C"", ""C"", ""C"", ""C"", ""N"", ""C"", ""O"", ""N"", ""C"", ""C"", ""C"", ""H"", ""H"", ""H"", ""H"", ""H"", ""H"", ""H"", ""H"", ""H"", ""H"", ""H"", ""H"", ""H"", ""H""]",C92H56N24O12,"[true, true, true]","[15.552037364381114, 0.0, 0.0, 0.0, 15.149678741839303, 0.0, 0.0, 0.0, 19.212428464476595]",4526.608951403029,[],"{""cutoff=4.500_skin=0.000"": 3488, ""cutoff=4.500_skin=0.250"": 4144, ""cutoff=4.500_skin=0.500"": 4568, ""cutoff=4.500_skin=1.000"": 5744, ""cutoff=5.000_skin=0.000"": 4568, ""cutoff=5.000_skin=0.250"": 5112, ""cutoff=5.000_skin=0.500"": 5744, ""cutoff=5.000_skin=1.000"": 7088, ""cutoff=6.000_skin=0.000"": 7088, ""cutoff=6.000_skin=0.250"": 7848, ""cutoff=6.000_skin=0.500"": 8664, ""cutoff=6.000_skin=1.000"": 10744}",0.0,,
OPT-H184-R32-v1,044c2bdfdcbed4f7b1d4e7320e1a9e8338d2778fcd04d1b970b18d6812b8d6a5,OPT-H184-R32-v1:0016,Aven12_14_1839_z1,cb02d2fe7f49246ca572cebef8ab6d61cfd3c8ee10eb9d20e3aeab15f70b948c,16,T2_test,Aven12_14_1839_z1.cif,af8cf906a9938c162676d051badaa19bbf9de0f401feae48d57a43bd15f793f0,cb02d2fe7f49246ca572cebef8ab6d61cfd3c8ee10eb9d20e3aeab15f70b948c,0,184,"[""O"", ""C"", ""N"", ""C"", ""C"", ""C"", ""C"", ""C"", ""C"", ""N"", ""C"", ""C"", ""C"", ""C"", ""N"", ""C"", ""O"", ""N"", ""C"", ""C"", ""C"", ""C"", ""C"", ""C"", ""C"", ""N"", ""C"", ""O"", ""N"", ""C"", ""C"", ""C"", ""H"", ""H"", ""H"", ""H"", ""H"", ""H"", ""H"", ""H"", ""H"", ""H"", ""H"", ""H"", ""H"", ""H"", ""O"", ""C"", ""N"", ""C"", ""C"", ""C"", ""C"", ""C"", ""C"", ""N"", ""C"", ""C"", ""C"", ""C"", ""N"", ""C"", ""O"", ""N"", ""C"", ""C"", ""C"", ""C"", ""C"", ""C"", ""C"", ""N"", ""C"", ""O"", ""N"", ""C"", ""C"", ""C"", ""H"", ""H"", ""H"", ""H"", ""H"", ""H"", ""H"", ""H"", ""H"", ""H"", ""H"", ""H"", ""H"", ""H"", ""O"", ""C"", ""N"", ""C"", ""C"", ""C"", ""C"", ""C"", ""C"", ""N"", ""C"", ""C"", ""C"", ""C"", ""N"", ""C"", ""O"", ""N"", ""C"", ""C"", ""C"", ""C"", ""C"", ""C"", ""C"", ""N"", ""C"", ""O"", ""N"", ""C"", ""C"", ""C"", ""H"", ""H"", ""H"", ""H"", ""H"", ""H"", ""H"", ""H"", ""H"", ""H"", ""H"", ""H"", ""H"", ""H"", ""O"", ""C"", ""N"", ""C"", ""C"", ""C"", ""C"", ""C"", ""C"", ""N"", ""C"", ""C"", ""C"", ""C"", ""N"", ""C"", ""O"", ""N"", ""C"", ""C"", ""C"", ""C"", ""C"", ""C"", ""C"", ""N"", ""C"", ""O"", ""N"", ""C"", ""C"", ""C"", ""H"", ""H"", ""H"", ""H"", ""H"", ""H"", ""H"", ""H"", ""H"", ""H"", ""H"", ""H"", ""H"", ""H""]",C92H56N24O12,"[true, true, true]","[15.45458143328625, 0.0, 0.0, 0.0, 15.269670784436094, 0.0, -7.648423157049558, 0.0, 23.855493527967507]",5629.571336478148,[],"{""cutoff=4.500_skin=0.000"": 3408, ""cutoff=4.500_skin=0.250"": 3928, ""cutoff=4.500_skin=0.500"": 4272, ""cutoff=4.500_skin=1.000"": 4984, ""cutoff=5.000_skin=0.000"": 4272, ""cutoff=5.000_skin=0.250"": 4596, ""cutoff=5.000_skin=0.500"": 4984, ""cutoff=5.000_skin=1.000"": 6032, ""cutoff=6.000_skin=0.000"": 6032, ""cutoff=6.000_skin=0.250"": 6472, ""cutoff=6.000_skin=0.500"": 7088, ""cutoff=6.000_skin=1.000"": 8560}",0.0,,
OPT-H184-R32-v1,044c2bdfdcbed4f7b1d4e7320e1a9e8338d2778fcd04d1b970b18d6812b8d6a5,OPT-H184-R32-v1:0017,Aven12_5_900_z1,717c5c13db7733b18db8cfcbd9f43b1fd44929b935c6cea43ff56a84779b3339,17,T2_test,Aven12_5_900_z1.cif,df8bf42c1bac47d989e1e4a5e5ebb21058c4e37993370cf7bc63012ea2038b0a,717c5c13db7733b18db8cfcbd9f43b1fd44929b935c6cea43ff56a84779b3339,0,184,"[""O"", ""C"", ""N"", ""C"", ""C"", ""C"", ""C"", ""C"", ""C"", ""N"", ""C"", ""C"", ""C"", ""C"", ""N"", ""C"", ""O"", ""N"", ""C"", ""C"", ""C"", ""C"", ""C"", ""C"", ""C"", ""N"", ""C"", ""O"", ""N"", ""C"", ""C"", ""C"", ""H"", ""H"", ""H"", ""H"", ""H"", ""H"", ""H"", ""H"", ""H"", ""H"", ""H"", ""H"", ""H"", ""H"", ""O"", ""C"", ""N"", ""C"", ""C"", ""C"", ""C"", ""C"", ""C"", ""N"", ""C"", ""C"", ""C"", ""C"", ""N"", ""C"", ""O"", ""N"", ""C"", ""C"", ""C"", ""C"", ""C"", ""C"", ""C"", ""N"", ""C"", ""O"", ""N"", ""C"", ""C"", ""C"", ""H"", ""H"", ""H"", ""H"", ""H"", ""H"", ""H"", ""H"", ""H"", ""H"", ""H"", ""H"", ""H"", ""H"", ""O"", ""C"", ""N"", ""C"", ""C"", ""C"", ""C"", ""C"", ""C"", ""N"", ""C"", ""C"", ""C"", ""C"", ""N"", ""C"", ""O"", ""N"", ""C"", ""C"", ""C"", ""C"", ""C"", ""C"", ""C"", ""N"", ""C"", ""O"", ""N"", ""C"", ""C"", ""C"", ""H"", ""H"", ""H"", ""H"", ""H"", ""H"", ""H"", ""H"", ""H"", ""H"", ""H"", ""H"", ""H"", ""H"", ""O"", ""C"", ""N"", ""C"", ""C"", ""C"", ""C"", ""C"", ""C"", ""N"", ""C"", ""C"", ""C"", ""C"", ""N"", ""C"", ""O"", ""N"", ""C"", ""C"", ""C"", ""C"", ""C"", ""C"", ""C"", ""N"", ""C"", ""O"", ""N"", ""C"", ""C"", ""C"", ""H"", ""H"", ""H"", ""H"", ""H"", ""H"", ""H"", ""H"", ""H"", ""H"", ""H"", ""H"", ""H"", ""H""]",C92H56N24O12,"[true, true, true]","[18.10822081696645, 0.0, 0.0, 0.0, 18.094060895270598, 0.0, -2.5549881427303953, 0.0, 18.06746660348651]",5919.828019986446,[],"{""cutoff=4.500_skin=0.000"": 3288, ""cutoff=4.500_skin=0.250"": 3768, ""cutoff=4.500_skin=0.500"": 4040, ""cutoff=4.500_skin=1.000"": 4724, ""cutoff=5.000_skin=0.000"": 4040, ""cutoff=5.000_skin=0.250"": 4340, ""cutoff=5.000_skin=0.500"": 4724, ""cutoff=5.000_skin=1.000"": 5668, ""cutoff=6.000_skin=0.000"": 5668, ""cutoff=6.000_skin=0.250"": 6040, ""cutoff=6.000_skin=0.500"": 6636, ""cutoff=6.000_skin=1.000"": 8000}",0.0,,
OPT-H184-R32-v1,044c2bdfdcbed4f7b1d4e7320e1a9e8338d2778fcd04d1b970b18d6812b8d6a5,OPT-H184-R32-v1:0018,Aven12_77_262_z1,1aa05f97de785c98dda500feea76f741614a9cd354314b795769703212695180,18,T2_test,Aven12_77_262_z1.cif,00461334a204c201d184083308ec78e374644691b99e921a0dce52fea4d18f2e,1aa05f97de785c98dda500feea76f741614a9cd354314b795769703212695180,0,184,"[""O"", ""C"", ""N"", ""C"", ""C"", ""C"", ""C"", ""C"", ""C"", ""N"", ""C"", ""C"", ""C"", ""C"", ""N"", ""C"", ""O"", ""N"", ""C"", ""C"", ""C"", ""C"", ""C"", ""C"", ""C"", ""N"", ""C"", ""O"", ""N"", ""C"", ""C"", ""C"", ""H"", ""H"", ""H"", ""H"", ""H"", ""H"", ""H"", ""H"", ""H"", ""H"", ""H"", ""H"", ""H"", ""H"", ""O"", ""C"", ""N"", ""C"", ""C"", ""C"", ""C"", ""C"", ""C"", ""N"", ""C"", ""C"", ""C"", ""C"", ""N"", ""C"", ""O"", ""N"", ""C"", ""C"", ""C"", ""C"", ""C"", ""C"", ""C"", ""N"", ""C"", ""O"", ""N"", ""C"", ""C"", ""C"", ""H"", ""H"", ""H"", ""H"", ""H"", ""H"", ""H"", ""H"", ""H"", ""H"", ""H"", ""H"", ""H"", ""H"", ""O"", ""C"", ""N"", ""C"", ""C"", ""C"", ""C"", ""C"", ""C"", ""N"", ""C"", ""C"", ""C"", ""C"", ""N"", ""C"", ""O"", ""N"", ""C"", ""C"", ""C"", ""C"", ""C"", ""C"", ""C"", ""N"", ""C"", ""O"", ""N"", ""C"", ""C"", ""C"", ""H"", ""H"", ""H"", ""H"", ""H"", ""H"", ""H"", ""H"", ""H"", ""H"", ""H"", ""H"", ""H"", ""H"", ""O"", ""C"", ""N"", ""C"", ""C"", ""C"", ""C"", ""C"", ""C"", ""N"", ""C"", ""C"", ""C"", ""C"", ""N"", ""C"", ""O"", ""N"", ""C"", ""C"", ""C"", ""C"", ""C"", ""C"", ""C"", ""N"", ""C"", ""O"", ""N"", ""C"", ""C"", ""C"", ""H"", ""H"", ""H"", ""H"", ""H"", ""H"", ""H"", ""H"", ""H"", ""H"", ""H"", ""H"", ""H"", ""H""]",C92H56N24O12,"[true, true, true]","[22.015143121607778, 0.0, 0.0, 0.0, 22.015143121607778, 0.0, 0.0, 0.0, 20.64266766868345]",10004.810040078102,[],"{""cutoff=4.500_skin=0.000"": 3400, ""cutoff=4.500_skin=0.250"": 3940, ""cutoff=4.500_skin=0.500"": 4236, ""cutoff=4.500_skin=1.000"": 4936, ""cutoff=5.000_skin=0.000"": 4236, ""cutoff=5.000_skin=0.250"": 4564, ""cutoff=5.000_skin=0.500"": 4936, ""cutoff=5.000_skin=1.000"": 5860, ""cutoff=6.000_skin=0.000"": 5860, ""cutoff=6.000_skin=0.250"": 6280, ""cutoff=6.000_skin=0.500"": 6792, ""cutoff=6.000_skin=1.000"": 8076}",0.0,,
OPT-H184-R32-v1,044c2bdfdcbed4f7b1d4e7320e1a9e8338d2778fcd04d1b970b18d6812b8d6a5,OPT-H184-R32-v1:0019,Aven12_19_372_z1,a72eb7c6ae42f72223584c4f4e0e8cd4f05f88c2b60338a44ce44fb4d2ce7b1a,19,T2_test,Aven12_19_372_z1.cif,cdc6797b9394bbeccd75ecb3414243ce1c60d45e2aabcb09db190bd5566c9a75,a72eb7c6ae42f72223584c4f4e0e8cd4f05f88c2b60338a44ce44fb4d2ce7b1a,0,184,"[""O"", ""C"", ""N"", ""C"", ""C"", ""C"", ""C"", ""C"", ""C"", ""N"", ""C"", ""C"", ""C"", ""C"", ""N"", ""C"", ""O"", ""N"", ""C"", ""C"", ""C"", ""C"", ""C"", ""C"", ""C"", ""N"", ""C"", ""O"", ""N"", ""C"", ""C"", ""C"", ""H"", ""H"", ""H"", ""H"", ""H"", ""H"", ""H"", ""H"", ""H"", ""H"", ""H"", ""H"", ""H"", ""H"", ""O"", ""C"", ""N"", ""C"", ""C"", ""C"", ""C"", ""C"", ""C"", ""N"", ""C"", ""C"", ""C"", ""C"", ""N"", ""C"", ""O"", ""N"", ""C"", ""C"", ""C"", ""C"", ""C"", ""C"", ""C"", ""N"", ""C"", ""O"", ""N"", ""C"", ""C"", ""C"", ""H"", ""H"", ""H"", ""H"", ""H"", ""H"", ""H"", ""H"", ""H"", ""H"", ""H"", ""H"", ""H"", ""H"", ""O"", ""C"", ""N"", ""C"", ""C"", ""C"", ""C"", ""C"", ""C"", ""N"", ""C"", ""C"", ""C"", ""C"", ""N"", ""C"", ""O"", ""N"", ""C"", ""C"", ""C"", ""C"", ""C"", ""C"", ""C"", ""N"", ""C"", ""O"", ""N"", ""C"", ""C"", ""C"", ""H"", ""H"", ""H"", ""H"", ""H"", ""H"", ""H"", ""H"", ""H"", ""H"", ""H"", ""H"", ""H"", ""H"", ""O"", ""C"", ""N"", ""C"", ""C"", ""C"", ""C"", ""C"", ""C"", ""N"", ""C"", ""C"", ""C"", ""C"", ""N"", ""C"", ""O"", ""N"", ""C"", ""C"", ""C"", ""C"", ""C"", ""C"", ""C"", ""N"", ""C"", ""O"", ""N"", ""C"", ""C"", ""C"", ""H"", ""H"", ""H"", ""H"", ""H"", ""H"", ""H"", ""H"", ""H"", ""H"", ""H"", ""H"", ""H"", ""H""]",C92H56N24O12,"[true, true, true]","[14.503771956989823, 0.0, 0.0, 0.0, 15.17852211019504, 0.0, 0.0, 0.0, 15.55843716852614]",3425.124960199434,[],"{""cutoff=4.500_skin=0.000"": 3848, ""cutoff=4.500_skin=0.250"": 4672, ""cutoff=4.500_skin=0.500"": 5352, ""cutoff=4.500_skin=1.000"": 6880, ""cutoff=5.000_skin=0.000"": 5352, ""cutoff=5.000_skin=0.250"": 6000, ""cutoff=5.000_skin=0.500"": 6880, ""cutoff=5.000_skin=1.000"": 8984, ""cutoff=6.000_skin=0.000"": 8984, ""cutoff=6.000_skin=0.250"": 9904, ""cutoff=6.000_skin=0.500"": 11112, ""cutoff=6.000_skin=1.000"": 13880}",0.0,,
OPT-H184-R32-v1,044c2bdfdcbed4f7b1d4e7320e1a9e8338d2778fcd04d1b970b18d6812b8d6a5,OPT-H184-R32-v1:0020,Aven12_14_2082_z1,50fe735626e7cbe5c8cb2b48deae33377a6b515d55f3ba19661d2859b0533733,20,T2_test,Aven12_14_2082_z1.cif,5d923a6d44014d1f4b92c450cbea0ce56dae0745876f189060a8b8668a10722f,50fe735626e7cbe5c8cb2b48deae33377a6b515d55f3ba19661d2859b0533733,0,184,"[""O"", ""C"", ""N"", ""C"", ""C"", ""C"", ""C"", ""C"", ""C"", ""N"", ""C"", ""C"", ""C"", ""C"", ""N"", ""C"", ""O"", ""N"", ""C"", ""C"", ""C"", ""C"", ""C"", ""C"", ""C"", ""N"", ""C"", ""O"", ""N"", ""C"", ""C"", ""C"", ""H"", ""H"", ""H"", ""H"", ""H"", ""H"", ""H"", ""H"", ""H"", ""H"", ""H"", ""H"", ""H"", ""H"", ""O"", ""C"", ""N"", ""C"", ""C"", ""C"", ""C"", ""C"", ""C"", ""N"", ""C"", ""C"", ""C"", ""C"", ""N"", ""C"", ""O"", ""N"", ""C"", ""C"", ""C"", ""C"", ""C"", ""C"", ""C"", ""N"", ""C"", ""O"", ""N"", ""C"", ""C"", ""C"", ""H"", ""H"", ""H"", ""H"", ""H"", ""H"", ""H"", ""H"", ""H"", ""H"", ""H"", ""H"", ""H"", ""H"", ""O"", ""C"", ""N"", ""C"", ""C"", ""C"", ""C"", ""C"", ""C"", ""N"", ""C"", ""C"", ""C"", ""C"", ""N"", ""C"", ""O"", ""N"", ""C"", ""C"", ""C"", ""C"", ""C"", ""C"", ""C"", ""N"", ""C"", ""O"", ""N"", ""C"", ""C"", ""C"", ""H"", ""H"", ""H"", ""H"", ""H"", ""H"", ""H"", ""H"", ""H"", ""H"", ""H"", ""H"", ""H"", ""H"", ""O"", ""C"", ""N"", ""C"", ""C"", ""C"", ""C"", ""C"", ""C"", ""N"", ""C"", ""C"", ""C"", ""C"", ""N"", ""C"", ""O"", ""N"", ""C"", ""C"", ""C"", ""C"", ""C"", ""C"", ""C"", ""N"", ""C"", ""O"", ""N"", ""C"", ""C"", ""C"", ""H"", ""H"", ""H"", ""H"", ""H"", ""H"", ""H"", ""H"", ""H"", ""H"", ""H"", ""H"", ""H"", ""H""]",C92H56N24O12,"[true, true, true]","[18.273878282931378, 0.0, 0.0, 0.0, 9.709706868238264, 0.0, -13.085264337672532, 0.0, 25.646411902662027]",4550.5454873173985,[],"{""cutoff=4.500_skin=0.000"": 3472, ""cutoff=4.500_skin=0.250"": 4084, ""cutoff=4.500_skin=0.500"": 4492, ""cutoff=4.500_skin=1.000"": 5672, ""cutoff=5.000_skin=0.000"": 4492, ""cutoff=5.000_skin=0.250"": 4988, ""cutoff=5.000_skin=0.500"": 5672, ""cutoff=5.000_skin=1.000"": 7152, ""cutoff=6.000_skin=0.000"": 7152, ""cutoff=6.000_skin=0.250"": 7916, ""cutoff=6.000_skin=0.500"": 8812, ""cutoff=6.000_skin=1.000"": 10816}",0.0,,
OPT-H184-R32-v1,044c2bdfdcbed4f7b1d4e7320e1a9e8338d2778fcd04d1b970b18d6812b8d6a5,OPT-H184-R32-v1:0021,Aven12_5_358_z1,77c2c031832298c77b8da8daa7539a3557c01427b78ef336cadad288bcf28a4e,21,T2_test,Aven12_5_358_z1.cif,de325507e1a7324d55ef0fe6667183b567dadea3f9479c8e766916db9f954213,77c2c031832298c77b8da8daa7539a3557c01427b78ef336cadad288bcf28a4e,0,184,"[""O"", ""C"", ""N"", ""C"", ""C"", ""C"", ""C"", ""C"", ""C"", ""N"", ""C"", ""C"", ""C"", ""C"", ""N"", ""C"", ""O"", ""N"", ""C"", ""C"", ""C"", ""C"", ""C"", ""C"", ""C"", ""N"", ""C"", ""O"", ""N"", ""C"", ""C"", ""C"", ""H"", ""H"", ""H"", ""H"", ""H"", ""H"", ""H"", ""H"", ""H"", ""H"", ""H"", ""H"", ""H"", ""H"", ""O"", ""C"", ""N"", ""C"", ""C"", ""C"", ""C"", ""C"", ""C"", ""N"", ""C"", ""C"", ""C"", ""C"", ""N"", ""C"", ""O"", ""N"", ""C"", ""C"", ""C"", ""C"", ""C"", ""C"", ""C"", ""N"", ""C"", ""O"", ""N"", ""C"", ""C"", ""C"", ""H"", ""H"", ""H"", ""H"", ""H"", ""H"", ""H"", ""H"", ""H"", ""H"", ""H"", ""H"", ""H"", ""H"", ""O"", ""C"", ""N"", ""C"", ""C"", ""C"", ""C"", ""C"", ""C"", ""N"", ""C"", ""C"", ""C"", ""C"", ""N"", ""C"", ""O"", ""N"", ""C"", ""C"", ""C"", ""C"", ""C"", ""C"", ""C"", ""N"", ""C"", ""O"", ""N"", ""C"", ""C"", ""C"", ""H"", ""H"", ""H"", ""H"", ""H"", ""H"", ""H"", ""H"", ""H"", ""H"", ""H"", ""H"", ""H"", ""H"", ""O"", ""C"", ""N"", ""C"", ""C"", ""C"", ""C"", ""C"", ""C"", ""N"", ""C"", ""C"", ""C"", ""C"", ""N"", ""C"", ""O"", ""N"", ""C"", ""C"", ""C"", ""C"", ""C"", ""C"", ""C"", ""N"", ""C"", ""O"", ""N"", ""C"", ""C"", ""C"", ""H"", ""H"", ""H"", ""H"", ""H"", ""H"", ""H"", ""H"", ""H"", ""H"", ""H"", ""H"", ""H"", ""H""]",C92H56N24O12,"[true, true, true]","[23.76989780339926, 0.0, 0.0, 0.0, 13.778542214444938, 0.0, -3.895351448464736, 0.0, 15.895336032988123]",5205.9536740311905,[],"{""cutoff=4.500_skin=0.000"": 3308, ""cutoff=4.500_skin=0.250"": 3804, ""cutoff=4.500_skin=0.500"": 4244, ""cutoff=4.500_skin=1.000"": 5036, ""cutoff=5.000_skin=0.000"": 4244, ""cutoff=5.000_skin=0.250"": 4552, ""cutoff=5.000_skin=0.500"": 5036, ""cutoff=5.000_skin=1.000"": 6188, ""cutoff=6.000_skin=0.000"": 6188, ""cutoff=6.000_skin=0.250"": 6800, ""cutoff=6.000_skin=0.500"": 7544, ""cutoff=6.000_skin=1.000"": 9292}",0.0,,
OPT-H184-R32-v1,044c2bdfdcbed4f7b1d4e7320e1a9e8338d2778fcd04d1b970b18d6812b8d6a5,OPT-H184-R32-v1:0022,Aven12_33_151_z1,6c4112447cc24d2146904b496ef3050f500910b050a9842bfa9a3fb48ef48231,22,T2_test,Aven12_33_151_z1.cif,4c60afc76b468d10571bbdec66d9cc8685ac4913ec108f61125f818e09b3c5b9,6c4112447cc24d2146904b496ef3050f500910b050a9842bfa9a3fb48ef48231,0,184,"[""O"", ""C"", ""N"", ""C"", ""C"", ""C"", ""C"", ""C"", ""C"", ""N"", ""C"", ""C"", ""C"", ""C"", ""N"", ""C"", ""O"", ""N"", ""C"", ""C"", ""C"", ""C"", ""C"", ""C"", ""C"", ""N"", ""C"", ""O"", ""N"", ""C"", ""C"", ""C"", ""H"", ""H"", ""H"", ""H"", ""H"", ""H"", ""H"", ""H"", ""H"", ""H"", ""H"", ""H"", ""H"", ""H"", ""O"", ""C"", ""N"", ""C"", ""C"", ""C"", ""C"", ""C"", ""C"", ""N"", ""C"", ""C"", ""C"", ""C"", ""N"", ""C"", ""O"", ""N"", ""C"", ""C"", ""C"", ""C"", ""C"", ""C"", ""C"", ""N"", ""C"", ""O"", ""N"", ""C"", ""C"", ""C"", ""H"", ""H"", ""H"", ""H"", ""H"", ""H"", ""H"", ""H"", ""H"", ""H"", ""H"", ""H"", ""H"", ""H"", ""O"", ""C"", ""N"", ""C"", ""C"", ""C"", ""C"", ""C"", ""C"", ""N"", ""C"", ""C"", ""C"", ""C"", ""N"", ""C"", ""O"", ""N"", ""C"", ""C"", ""C"", ""C"", ""C"", ""C"", ""C"", ""N"", ""C"", ""O"", ""N"", ""C"", ""C"", ""C"", ""H"", ""H"", ""H"", ""H"", ""H"", ""H"", ""H"", ""H"", ""H"", ""H"", ""H"", ""H"", ""H"", ""H"", ""O"", ""C"", ""N"", ""C"", ""C"", ""C"", ""C"", ""C"", ""C"", ""N"", ""C"", ""C"", ""C"", ""C"", ""N"", ""C"", ""O"", ""N"", ""C"", ""C"", ""C"", ""C"", ""C"", ""C"", ""C"", ""N"", ""C"", ""O"", ""N"", ""C"", ""C"", ""C"", ""H"", ""H"", ""H"", ""H"", ""H"", ""H"", ""H"", ""H"", ""H"", ""H"", ""H"", ""H"", ""H"", ""H""]",C92H56N24O12,"[true, true, true]","[20.92701905935617, 0.0, 0.0, 0.0, 15.581739565297589, 0.0, 0.0, 0.0, 14.743776856543064]",4807.641334057393,[],"{""cutoff=4.500_skin=0.000"": 3560, ""cutoff=4.500_skin=0.250"": 4088, ""cutoff=4.500_skin=0.500"": 4504, ""cutoff=4.500_skin=1.000"": 5560, ""cutoff=5.000_skin=0.000"": 4504, ""cutoff=5.000_skin=0.250"": 4984, ""cutoff=5.000_skin=0.500"": 5560, ""cutoff=5.000_skin=1.000"": 6912, ""cutoff=6.000_skin=0.000"": 6912, ""cutoff=6.000_skin=0.250"": 7488, ""cutoff=6.000_skin=0.500"": 8280, ""cutoff=6.000_skin=1.000"": 10160}",0.0,,
OPT-H184-R32-v1,044c2bdfdcbed4f7b1d4e7320e1a9e8338d2778fcd04d1b970b18d6812b8d6a5,OPT-H184-R32-v1:0023,Aven12_5_307_z1,7d34eceb9e7747586ef57c8da4ebf494cc674dc2cab4b0f311ff855f2ea83bf9,23,T2_test,Aven12_5_307_z1.cif,93997e5349837d8632b102eeb99c27787db82e7d6114514fa81b358ab2cd3473,7d34eceb9e7747586ef57c8da4ebf494cc674dc2cab4b0f311ff855f2ea83bf9,0,184,"[""O"", ""C"", ""N"", ""C"", ""C"", ""C"", ""C"", ""C"", ""C"", ""N"", ""C"", ""C"", ""C"", ""C"", ""N"", ""C"", ""O"", ""N"", ""C"", ""C"", ""C"", ""C"", ""C"", ""C"", ""C"", ""N"", ""C"", ""O"", ""N"", ""C"", ""C"", ""C"", ""H"", ""H"", ""H"", ""H"", ""H"", ""H"", ""H"", ""H"", ""H"", ""H"", ""H"", ""H"", ""H"", ""H"", ""O"", ""C"", ""N"", ""C"", ""C"", ""C"", ""C"", ""C"", ""C"", ""N"", ""C"", ""C"", ""C"", ""C"", ""N"", ""C"", ""O"", ""N"", ""C"", ""C"", ""C"", ""C"", ""C"", ""C"", ""C"", ""N"", ""C"", ""O"", ""N"", ""C"", ""C"", ""C"", ""H"", ""H"", ""H"", ""H"", ""H"", ""H"", ""H"", ""H"", ""H"", ""H"", ""H"", ""H"", ""H"", ""H"", ""O"", ""C"", ""N"", ""C"", ""C"", ""C"", ""C"", ""C"", ""C"", ""N"", ""C"", ""C"", ""C"", ""C"", ""N"", ""C"", ""O"", ""N"", ""C"", ""C"", ""C"", ""C"", ""C"", ""C"", ""C"", ""N"", ""C"", ""O"", ""N"", ""C"", ""C"", ""C"", ""H"", ""H"", ""H"", ""H"", ""H"", ""H"", ""H"", ""H"", ""H"", ""H"", ""H"", ""H"", ""H"", ""H"", ""O"", ""C"", ""N"", ""C"", ""C"", ""C"", ""C"", ""C"", ""C"", ""N"", ""C"", ""C"", ""C"", ""C"", ""N"", ""C"", ""O"", ""N"", ""C"", ""C"", ""C"", ""C"", ""C"", ""C"", ""C"", ""N"", ""C"", ""O"", ""N"", ""C"", ""C"", ""C"", ""H"", ""H"", ""H"", ""H"", ""H"", ""H"", ""H"", ""H"", ""H"", ""H"", ""H"", ""H"", ""H"", ""H""]",C92H56N24O12,"[true, true, true]","[18.51014328052213, 0.0, 0.0, 0.0, 20.809702249504397, 0.0, -0.44149865194227794, 0.0, 15.89954167669739]",6124.353525372653,[],"{""cutoff=4.500_skin=0.000"": 3456, ""cutoff=4.500_skin=0.250"": 4012, ""cutoff=4.500_skin=0.500"": 4344, ""cutoff=4.500_skin=1.000"": 5120, ""cutoff=5.000_skin=0.000"": 4344, ""cutoff=5.000_skin=0.250"": 4696, ""cutoff=5.000_skin=0.500"": 5120, ""cutoff=5.000_skin=1.000"": 6272, ""cutoff=6.000_skin=0.000"": 6272, ""cutoff=6.000_skin=0.250"": 6772, ""cutoff=6.000_skin=0.500"": 7464, ""cutoff=6.000_skin=1.000"": 9172}",0.0,,
OPT-H184-R32-v1,044c2bdfdcbed4f7b1d4e7320e1a9e8338d2778fcd04d1b970b18d6812b8d6a5,OPT-H184-R32-v1:0024,Aven12_14_498_z1,fdd654732664086b1dbadd95c619ce311e010525fc7a448b26f2858533db22dc,24,T2_test,Aven12_14_498_z1.cif,c51fc8a8d24a4886c380fef6a49a1bdaae40f0e5c2d113a6f42273f85fbcb362,fdd654732664086b1dbadd95c619ce311e010525fc7a448b26f2858533db22dc,0,184,"[""O"", ""C"", ""N"", ""C"", ""C"", ""C"", ""C"", ""C"", ""C"", ""N"", ""C"", ""C"", ""C"", ""C"", ""N"", ""C"", ""O"", ""N"", ""C"", ""C"", ""C"", ""C"", ""C"", ""C"", ""C"", ""N"", ""C"", ""O"", ""N"", ""C"", ""C"", ""C"", ""H"", ""H"", ""H"", ""H"", ""H"", ""H"", ""H"", ""H"", ""H"", ""H"", ""H"", ""H"", ""H"", ""H"", ""O"", ""C"", ""N"", ""C"", ""C"", ""C"", ""C"", ""C"", ""C"", ""N"", ""C"", ""C"", ""C"", ""C"", ""N"", ""C"", ""O"", ""N"", ""C"", ""C"", ""C"", ""C"", ""C"", ""C"", ""C"", ""N"", ""C"", ""O"", ""N"", ""C"", ""C"", ""C"", ""H"", ""H"", ""H"", ""H"", ""H"", ""H"", ""H"", ""H"", ""H"", ""H"", ""H"", ""H"", ""H"", ""H"", ""O"", ""C"", ""N"", ""C"", ""C"", ""C"", ""C"", ""C"", ""C"", ""N"", ""C"", ""C"", ""C"", ""C"", ""N"", ""C"", ""O"", ""N"", ""C"", ""C"", ""C"", ""C"", ""C"", ""C"", ""C"", ""N"", ""C"", ""O"", ""N"", ""C"", ""C"", ""C"", ""H"", ""H"", ""H"", ""H"", ""H"", ""H"", ""H"", ""H"", ""H"", ""H"", ""H"", ""H"", ""H"", ""H"", ""O"", ""C"", ""N"", ""C"", ""C"", ""C"", ""C"", ""C"", ""C"", ""N"", ""C"", ""C"", ""C"", ""C"", ""N"", ""C"", ""O"", ""N"", ""C"", ""C"", ""C"", ""C"", ""C"", ""C"", ""C"", ""N"", ""C"", ""O"", ""N"", ""C"", ""C"", ""C"", ""H"", ""H"", ""H"", ""H"", ""H"", ""H"", ""H"", ""H"", ""H"", ""H"", ""H"", ""H"", ""H"", ""H""]",C92H56N24O12,"[true, true, true]","[10.583038108686196, 0.0, 0.0, 0.0, 31.148885357068295, 0.0, -4.128058710720779, 0.0, 13.669992190130575]",4506.310748898713,[],"{""cutoff=4.500_skin=0.000"": 3232, ""cutoff=4.500_skin=0.250"": 3720, ""cutoff=4.500_skin=0.500"": 4128, ""cutoff=4.500_skin=1.000"": 5056, ""cutoff=5.000_skin=0.000"": 4128, ""cutoff=5.000_skin=0.250"": 4540, ""cutoff=5.000_skin=0.500"": 5056, ""cutoff=5.000_skin=1.000"": 6236, ""cutoff=6.000_skin=0.000"": 6236, ""cutoff=6.000_skin=0.250"": 6952, ""cutoff=6.000_skin=0.500"": 7772, ""cutoff=6.000_skin=1.000"": 9996}",0.0,,
OPT-H184-R32-v1,044c2bdfdcbed4f7b1d4e7320e1a9e8338d2778fcd04d1b970b18d6812b8d6a5,OPT-H184-R32-v1:0025,Aven12_77_1346_z1,6da4fd34c0d1471ed7aa6b909f7cba73b770bdef3db07e9bf76f2c633e3b5328,25,T2_test,Aven12_77_1346_z1.cif,db596c4317382568c44b7c26e0db7dddb8665f5f75e043a5eea70aabc65b9b73,6da4fd34c0d1471ed7aa6b909f7cba73b770bdef3db07e9bf76f2c633e3b5328,0,184,"[""O"", ""C"", ""N"", ""C"", ""C"", ""C"", ""C"", ""C"", ""C"", ""N"", ""C"", ""C"", ""C"", ""C"", ""N"", ""C"", ""O"", ""N"", ""C"", ""C"", ""C"", ""C"", ""C"", ""C"", ""C"", ""N"", ""C"", ""O"", ""N"", ""C"", ""C"", ""C"", ""H"", ""H"", ""H"", ""H"", ""H"", ""H"", ""H"", ""H"", ""H"", ""H"", ""H"", ""H"", ""H"", ""H"", ""O"", ""C"", ""N"", ""C"", ""C"", ""C"", ""C"", ""C"", ""C"", ""N"", ""C"", ""C"", ""C"", ""C"", ""N"", ""C"", ""O"", ""N"", ""C"", ""C"", ""C"", ""C"", ""C"", ""C"", ""C"", ""N"", ""C"", ""O"", ""N"", ""C"", ""C"", ""C"", ""H"", ""H"", ""H"", ""H"", ""H"", ""H"", ""H"", ""H"", ""H"", ""H"", ""H"", ""H"", ""H"", ""H"", ""O"", ""C"", ""N"", ""C"", ""C"", ""C"", ""C"", ""C"", ""C"", ""N"", ""C"", ""C"", ""C"", ""C"", ""N"", ""C"", ""O"", ""N"", ""C"", ""C"", ""C"", ""C"", ""C"", ""C"", ""C"", ""N"", ""C"", ""O"", ""N"", ""C"", ""C"", ""C"", ""H"", ""H"", ""H"", ""H"", ""H"", ""H"", ""H"", ""H"", ""H"", ""H"", ""H"", ""H"", ""H"", ""H"", ""O"", ""C"", ""N"", ""C"", ""C"", ""C"", ""C"", ""C"", ""C"", ""N"", ""C"", ""C"", ""C"", ""C"", ""N"", ""C"", ""O"", ""N"", ""C"", ""C"", ""C"", ""C"", ""C"", ""C"", ""C"", ""N"", ""C"", ""O"", ""N"", ""C"", ""C"", ""C"", ""H"", ""H"", ""H"", ""H"", ""H"", ""H"", ""H"", ""H"", ""H"", ""H"", ""H"", ""H"", ""H"", ""H""]",C92H56N24O12,"[true, true, true]","[16.429254565332556, 0.0, 0.0, 0.0, 16.429254565332556, 0.0, 0.0, 0.0, 21.735216991495797]",5866.778585550858,[],"{""cutoff=4.500_skin=0.000"": 3300, ""cutoff=4.500_skin=0.250"": 3776, ""cutoff=4.500_skin=0.500"": 3992, ""cutoff=4.500_skin=1.000"": 4636, ""cutoff=5.000_skin=0.000"": 3992, ""cutoff=5.000_skin=0.250"": 4268, ""cutoff=5.000_skin=0.500"": 4636, ""cutoff=5.000_skin=1.000"": 5560, ""cutoff=6.000_skin=0.000"": 5560, ""cutoff=6.000_skin=0.250"": 5992, ""cutoff=6.000_skin=0.500"": 6576, ""cutoff=6.000_skin=1.000"": 7880}",0.0,,
OPT-H184-R32-v1,044c2bdfdcbed4f7b1d4e7320e1a9e8338d2778fcd04d1b970b18d6812b8d6a5,OPT-H184-R32-v1:0026,Aven12_19_454_z1,9ee3267c6b6179edcca25fbcb622e024c5e75b7071cd82d18bd821c37b4d6bb9,26,T2_test,Aven12_19_454_z1.cif,522edb4f28e9ecc92d680b9b66e504b170c225dac51db013d7f815bfe84c2615,9ee3267c6b6179edcca25fbcb622e024c5e75b7071cd82d18bd821c37b4d6bb9,0,184,"[""O"", ""C"", ""N"", ""C"", ""C"", ""C"", ""C"", ""C"", ""C"", ""N"", ""C"", ""C"", ""C"", ""C"", ""N"", ""C"", ""O"", ""N"", ""C"", ""C"", ""C"", ""C"", ""C"", ""C"", ""C"", ""N"", ""C"", ""O"", ""N"", ""C"", ""C"", ""C"", ""H"", ""H"", ""H"", ""H"", ""H"", ""H"", ""H"", ""H"", ""H"", ""H"", ""H"", ""H"", ""H"", ""H"", ""O"", ""C"", ""N"", ""C"", ""C"", ""C"", ""C"", ""C"", ""C"", ""N"", ""C"", ""C"", ""C"", ""C"", ""N"", ""C"", ""O"", ""N"", ""C"", ""C"", ""C"", ""C"", ""C"", ""C"", ""C"", ""N"", ""C"", ""O"", ""N"", ""C"", ""C"", ""C"", ""H"", ""H"", ""H"", ""H"", ""H"", ""H"", ""H"", ""H"", ""H"", ""H"", ""H"", ""H"", ""H"", ""H"", ""O"", ""C"", ""N"", ""C"", ""C"", ""C"", ""C"", ""C"", ""C"", ""N"", ""C"", ""C"", ""C"", ""C"", ""N"", ""C"", ""O"", ""N"", ""C"", ""C"", ""C"", ""C"", ""C"", ""C"", ""C"", ""N"", ""C"", ""O"", ""N"", ""C"", ""C"", ""C"", ""H"", ""H"", ""H"", ""H"", ""H"", ""H"", ""H"", ""H"", ""H"", ""H"", ""H"", ""H"", ""H"", ""H"", ""O"", ""C"", ""N"", ""C"", ""C"", ""C"", ""C"", ""C"", ""C"", ""N"", ""C"", ""C"", ""C"", ""C"", ""N"", ""C"", ""O"", ""N"", ""C"", ""C"", ""C"", ""C"", ""C"", ""C"", ""C"", ""N"", ""C"", ""O"", ""N"", ""C"", ""C"", ""C"", ""H"", ""H"", ""H"", ""H"", ""H"", ""H"", ""H"", ""H"", ""H"", ""H"", ""H"", ""H"", ""H"", ""H""]",C92H56N24O12,"[true, true, true]","[22.81816674289354, 0.0, 0.0, 0.0, 16.78637604968191, 0.0, 0.0, 0.0, 13.791257409945828]",5282.525010301826,[],"{""cutoff=4.500_skin=0.000"": 3432, ""cutoff=4.500_skin=0.250"": 4016, ""cutoff=4.500_skin=0.500"": 4376, ""cutoff=4.500_skin=1.000"": 5224, ""cutoff=5.000_skin=0.000"": 4376, ""cutoff=5.000_skin=0.250"": 4752, ""cutoff=5.000_skin=0.500"": 5224, ""cutoff=5.000_skin=1.000"": 6376, ""cutoff=6.000_skin=0.000"": 6376, ""cutoff=6.000_skin=0.250"": 6936, ""cutoff=6.000_skin=0.500"": 7616, ""cutoff=6.000_skin=1.000"": 9256}",0.0,,
OPT-H184-R32-v1,044c2bdfdcbed4f7b1d4e7320e1a9e8338d2778fcd04d1b970b18d6812b8d6a5,OPT-H184-R32-v1:0027,Aven12_77_494_z1,525563d1884d949aad22e1c73b5618b151addada4f046cd738ac8a1402bd1278,27,T2_test,Aven12_77_494_z1.cif,3f9ea1a3c41c904122a591eb7c1218be831ec1b6bf7d2be712b29bba4eb1521c,525563d1884d949aad22e1c73b5618b151addada4f046cd738ac8a1402bd1278,0,184,"[""O"", ""C"", ""N"", ""C"", ""C"", ""C"", ""C"", ""C"", ""C"", ""N"", ""C"", ""C"", ""C"", ""C"", ""N"", ""C"", ""O"", ""N"", ""C"", ""C"", ""C"", ""C"", ""C"", ""C"", ""C"", ""N"", ""C"", ""O"", ""N"", ""C"", ""C"", ""C"", ""H"", ""H"", ""H"", ""H"", ""H"", ""H"", ""H"", ""H"", ""H"", ""H"", ""H"", ""H"", ""H"", ""H"", ""O"", ""C"", ""N"", ""C"", ""C"", ""C"", ""C"", ""C"", ""C"", ""N"", ""C"", ""C"", ""C"", ""C"", ""N"", ""C"", ""O"", ""N"", ""C"", ""C"", ""C"", ""C"", ""C"", ""C"", ""C"", ""N"", ""C"", ""O"", ""N"", ""C"", ""C"", ""C"", ""H"", ""H"", ""H"", ""H"", ""H"", ""H"", ""H"", ""H"", ""H"", ""H"", ""H"", ""H"", ""H"", ""H"", ""O"", ""C"", ""N"", ""C"", ""C"", ""C"", ""C"", ""C"", ""C"", ""N"", ""C"", ""C"", ""C"", ""C"", ""N"", ""C"", ""O"", ""N"", ""C"", ""C"", ""C"", ""C"", ""C"", ""C"", ""C"", ""N"", ""C"", ""O"", ""N"", ""C"", ""C"", ""C"", ""H"", ""H"", ""H"", ""H"", ""H"", ""H"", ""H"", ""H"", ""H"", ""H"", ""H"", ""H"", ""H"", ""H"", ""O"", ""C"", ""N"", ""C"", ""C"", ""C"", ""C"", ""C"", ""C"", ""N"", ""C"", ""C"", ""C"", ""C"", ""N"", ""C"", ""O"", ""N"", ""C"", ""C"", ""C"", ""C"", ""C"", ""C"", ""C"", ""N"", ""C"", ""O"", ""N"", ""C"", ""C"", ""C"", ""H"", ""H"", ""H"", ""H"", ""H"", ""H"", ""H"", ""H"", ""H"", ""H"", ""H"", ""H"", ""H"", ""H""]",C92H56N24O12,"[true, true, true]","[15.480738472908145, 0.0, 0.0, 0.0, 15.480738472908145, 0.0, 0.0, 0.0, 21.852809435943456]",5237.09710160765,[],"{""cutoff=4.500_skin=0.000"": 3520, ""cutoff=4.500_skin=0.250"": 4044, ""cutoff=4.500_skin=0.500"": 4416, ""cutoff=4.500_skin=1.000"": 5316, ""cutoff=5.000_skin=0.000"": 4416, ""cutoff=5.000_skin=0.250"": 4828, ""cutoff=5.000_skin=0.500"": 5316, ""cutoff=5.000_skin=1.000"": 6620, ""cutoff=6.000_skin=0.000"": 6620, ""cutoff=6.000_skin=0.250"": 7152, ""cutoff=6.000_skin=0.500"": 7972, ""cutoff=6.000_skin=1.000"": 9912}",0.0,,
OPT-H184-R32-v1,044c2bdfdcbed4f7b1d4e7320e1a9e8338d2778fcd04d1b970b18d6812b8d6a5,OPT-H184-R32-v1:0028,Aven12_33_202_z1,d1d516ce31071ee1eb25500c660fe21dae8b032d61e57cf3d67aed61a4395bc2,28,T2_test,Aven12_33_202_z1.cif,68ed8ddc19c1ce58cfb80b7fd75f2208cb002ad77bda054d96c9853978fae1aa,d1d516ce31071ee1eb25500c660fe21dae8b032d61e57cf3d67aed61a4395bc2,0,184,"[""O"", ""C"", ""N"", ""C"", ""C"", ""C"", ""C"", ""C"", ""C"", ""N"", ""C"", ""C"", ""C"", ""C"", ""N"", ""C"", ""O"", ""N"", ""C"", ""C"", ""C"", ""C"", ""C"", ""C"", ""C"", ""N"", ""C"", ""O"", ""N"", ""C"", ""C"", ""C"", ""H"", ""H"", ""H"", ""H"", ""H"", ""H"", ""H"", ""H"", ""H"", ""H"", ""H"", ""H"", ""H"", ""H"", ""O"", ""C"", ""N"", ""C"", ""C"", ""C"", ""C"", ""C"", ""C"", ""N"", ""C"", ""C"", ""C"", ""C"", ""N"", ""C"", ""O"", ""N"", ""C"", ""C"", ""C"", ""C"", ""C"", ""C"", ""C"", ""N"", ""C"", ""O"", ""N"", ""C"", ""C"", ""C"", ""H"", ""H"", ""H"", ""H"", ""H"", ""H"", ""H"", ""H"", ""H"", ""H"", ""H"", ""H"", ""H"", ""H"", ""O"", ""C"", ""N"", ""C"", ""C"", ""C"", ""C"", ""C"", ""C"", ""N"", ""C"", ""C"", ""C"", ""C"", ""N"", ""C"", ""O"", ""N"", ""C"", ""C"", ""C"", ""C"", ""C"", ""C"", ""C"", ""N"", ""C"", ""O"", ""N"", ""C"", ""C"", ""C"", ""H"", ""H"", ""H"", ""H"", ""H"", ""H"", ""H"", ""H"", ""H"", ""H"", ""H"", ""H"", ""H"", ""H"", ""O"", ""C"", ""N"", ""C"", ""C"", ""C"", ""C"", ""C"", ""C"", ""N"", ""C"", ""C"", ""C"", ""C"", ""N"", ""C"", ""O"", ""N"", ""C"", ""C"", ""C"", ""C"", ""C"", ""C"", ""C"", ""N"", ""C"", ""O"", ""N"", ""C"", ""C"", ""C"", ""H"", ""H"", ""H"", ""H"", ""H"", ""H"", ""H"", ""H"", ""H"", ""H"", ""H"", ""H"", ""H"", ""H""]",C92H56N24O12,"[true, true, true]","[21.689788902542716, 0.0, 0.0, 0.0, 13.567604326966716, 0.0, 0.0, 0.0, 15.101252855428697]",4443.973642236914,[],"{""cutoff=4.500_skin=0.000"": 3656, ""cutoff=4.500_skin=0.250"": 4288, ""cutoff=4.500_skin=0.500"": 4824, ""cutoff=4.500_skin=1.000"": 5816, ""cutoff=5.000_skin=0.000"": 4824, ""cutoff=5.000_skin=0.250"": 5272, ""cutoff=5.000_skin=0.500"": 5816, ""cutoff=5.000_skin=1.000"": 7232, ""cutoff=6.000_skin=0.000"": 7232, ""cutoff=6.000_skin=0.250"": 7952, ""cutoff=6.000_skin=0.500"": 8816, ""cutoff=6.000_skin=1.000"": 10872}",0.0,,
OPT-H184-R32-v1,044c2bdfdcbed4f7b1d4e7320e1a9e8338d2778fcd04d1b970b18d6812b8d6a5,OPT-H184-R32-v1:0029,Aven12_19_81_z1,e929b37770a7e60a61c4b8ab376c9d43cb7023414b0a18ddf7d30552db0d5ef9,29,T2_test,Aven12_19_81_z1.cif,856c2013a7923f9856b287e3bdbebfa9bacd46ecbc1d858eddc2bc5f3b2693f0,e929b37770a7e60a61c4b8ab376c9d43cb7023414b0a18ddf7d30552db0d5ef9,0,184,"[""O"", ""C"", ""N"", ""C"", ""C"", ""C"", ""C"", ""C"", ""C"", ""N"", ""C"", ""C"", ""C"", ""C"", ""N"", ""C"", ""O"", ""N"", ""C"", ""C"", ""C"", ""C"", ""C"", ""C"", ""C"", ""N"", ""C"", ""O"", ""N"", ""C"", ""C"", ""C"", ""H"", ""H"", ""H"", ""H"", ""H"", ""H"", ""H"", ""H"", ""H"", ""H"", ""H"", ""H"", ""H"", ""H"", ""O"", ""C"", ""N"", ""C"", ""C"", ""C"", ""C"", ""C"", ""C"", ""N"", ""C"", ""C"", ""C"", ""C"", ""N"", ""C"", ""O"", ""N"", ""C"", ""C"", ""C"", ""C"", ""C"", ""C"", ""C"", ""N"", ""C"", ""O"", ""N"", ""C"", ""C"", ""C"", ""H"", ""H"", ""H"", ""H"", ""H"", ""H"", ""H"", ""H"", ""H"", ""H"", ""H"", ""H"", ""H"", ""H"", ""O"", ""C"", ""N"", ""C"", ""C"", ""C"", ""C"", ""C"", ""C"", ""N"", ""C"", ""C"", ""C"", ""C"", ""N"", ""C"", ""O"", ""N"", ""C"", ""C"", ""C"", ""C"", ""C"", ""C"", ""C"", ""N"", ""C"", ""O"", ""N"", ""C"", ""C"", ""C"", ""H"", ""H"", ""H"", ""H"", ""H"", ""H"", ""H"", ""H"", ""H"", ""H"", ""H"", ""H"", ""H"", ""H"", ""O"", ""C"", ""N"", ""C"", ""C"", ""C"", ""C"", ""C"", ""C"", ""N"", ""C"", ""C"", ""C"", ""C"", ""N"", ""C"", ""O"", ""N"", ""C"", ""C"", ""C"", ""C"", ""C"", ""C"", ""C"", ""N"", ""C"", ""O"", ""N"", ""C"", ""C"", ""C"", ""H"", ""H"", ""H"", ""H"", ""H"", ""H"", ""H"", ""H"", ""H"", ""H"", ""H"", ""H"", ""H"", ""H""]",C92H56N24O12,"[true, true, true]","[14.071825383256275, 0.0, 0.0, 0.0, 12.64484719050148, 0.0, 0.0, 0.0, 23.01967704688024]",4096.031134862562,[],"{""cutoff=4.500_skin=0.000"": 3568, ""cutoff=4.500_skin=0.250"": 4144, ""cutoff=4.500_skin=0.500"": 4608, ""cutoff=4.500_skin=1.000"": 5664, ""cutoff=5.000_skin=0.000"": 4608, ""cutoff=5.000_skin=0.250"": 5088, ""cutoff=5.000_skin=0.500"": 5664, ""cutoff=5.000_skin=1.000"": 7216, ""cutoff=6.000_skin=0.000"": 7216, ""cutoff=6.000_skin=0.250"": 8008, ""cutoff=6.000_skin=0.500"": 8936, ""cutoff=6.000_skin=1.000"": 11224}",0.0,,
OPT-H184-R32-v1,044c2bdfdcbed4f7b1d4e7320e1a9e8338d2778fcd04d1b970b18d6812b8d6a5,OPT-H184-R32-v1:0030,Aven12_9_77_z1,747a33a07321766387b990f23c26f7b7d928d87031722fe3f7fa0df1680c34c8,30,T2_test,Aven12_9_77_z1.cif,b9a7c919f5bbdf0181361c199b81359c115515a30b9871f9f90aea34e0c54816,747a33a07321766387b990f23c26f7b7d928d87031722fe3f7fa0df1680c34c8,0,184,"[""O"", ""C"", ""N"", ""C"", ""C"", ""C"", ""C"", ""C"", ""C"", ""N"", ""C"", ""C"", ""C"", ""C"", ""N"", ""C"", ""O"", ""N"", ""C"", ""C"", ""C"", ""C"", ""C"", ""C"", ""C"", ""N"", ""C"", ""O"", ""N"", ""C"", ""C"", ""C"", ""H"", ""H"", ""H"", ""H"", ""H"", ""H"", ""H"", ""H"", ""H"", ""H"", ""H"", ""H"", ""H"", ""H"", ""O"", ""C"", ""N"", ""C"", ""C"", ""C"", ""C"", ""C"", ""C"", ""N"", ""C"", ""C"", ""C"", ""C"", ""N"", ""C"", ""O"", ""N"", ""C"", ""C"", ""C"", ""C"", ""C"", ""C"", ""C"", ""N"", ""C"", ""O"", ""N"", ""C"", ""C"", ""C"", ""H"", ""H"", ""H"", ""H"", ""H"", ""H"", ""H"", ""H"", ""H"", ""H"", ""H"", ""H"", ""H"", ""H"", ""O"", ""C"", ""N"", ""C"", ""C"", ""C"", ""C"", ""C"", ""C"", ""N"", ""C"", ""C"", ""C"", ""C"", ""N"", ""C"", ""O"", ""N"", ""C"", ""C"", ""C"", ""C"", ""C"", ""C"", ""C"", ""N"", ""C"", ""O"", ""N"", ""C"", ""C"", ""C"", ""H"", ""H"", ""H"", ""H"", ""H"", ""H"", ""H"", ""H"", ""H"", ""H"", ""H"", ""H"", ""H"", ""H"", ""O"", ""C"", ""N"", ""C"", ""C"", ""C"", ""C"", ""C"", ""C"", ""N"", ""C"", ""C"", ""C"", ""C"", ""N"", ""C"", ""O"", ""N"", ""C"", ""C"", ""C"", ""C"", ""C"", ""C"", ""C"", ""N"", ""C"", ""O"", ""N"", ""C"", ""C"", ""C"", ""H"", ""H"", ""H"", ""H"", ""H"", ""H"", ""H"", ""H"", ""H"", ""H"", ""H"", ""H"", ""H"", ""H""]",C92H56N24O12,"[true, true, true]","[14.169295704737706, 0.0, 0.0, 0.0, 17.550078456689462, 0.0, 2.8398042225905877, 0.0, 11.590280759739978]",2882.181209656157,[],"{""cutoff=4.500_skin=0.000"": 4168, ""cutoff=4.500_skin=0.250"": 5024, ""cutoff=4.500_skin=0.500"": 5824, ""cutoff=4.500_skin=1.000"": 7776, ""cutoff=5.000_skin=0.000"": 5824, ""cutoff=5.000_skin=0.250"": 6672, ""cutoff=5.000_skin=0.500"": 7776, ""cutoff=5.000_skin=1.000"": 10088, ""cutoff=6.000_skin=0.000"": 10088, ""cutoff=6.000_skin=0.250"": 11456, ""cutoff=6.000_skin=0.500"": 13064, ""cutoff=6.000_skin=1.000"": 16576}",0.0,,
OPT-H184-R32-v1,044c2bdfdcbed4f7b1d4e7320e1a9e8338d2778fcd04d1b970b18d6812b8d6a5,OPT-H184-R32-v1:0031,Aven12_77_1075_z1,df99dd612350cd650f1856e5d9a262ef3fea0c1117566c9449ef735590ed2aa2,31,T2_test,Aven12_77_1075_z1.cif,90702bce947173a238b1f6ea568cdc3289e8e9346ebe6e95ff95ac23bfc5ca15,df99dd612350cd650f1856e5d9a262ef3fea0c1117566c9449ef735590ed2aa2,0,184,"[""O"", ""C"", ""N"", ""C"", ""C"", ""C"", ""C"", ""C"", ""C"", ""N"", ""C"", ""C"", ""C"", ""C"", ""N"", ""C"", ""O"", ""N"", ""C"", ""C"", ""C"", ""C"", ""C"", ""C"", ""C"", ""N"", ""C"", ""O"", ""N"", ""C"", ""C"", ""C"", ""H"", ""H"", ""H"", ""H"", ""H"", ""H"", ""H"", ""H"", ""H"", ""H"", ""H"", ""H"", ""H"", ""H"", ""O"", ""C"", ""N"", ""C"", ""C"", ""C"", ""C"", ""C"", ""C"", ""N"", ""C"", ""C"", ""C"", ""C"", ""N"", ""C"", ""O"", ""N"", ""C"", ""C"", ""C"", ""C"", ""C"", ""C"", ""C"", ""N"", ""C"", ""O"", ""N"", ""C"", ""C"", ""C"", ""H"", ""H"", ""H"", ""H"", ""H"", ""H"", ""H"", ""H"", ""H"", ""H"", ""H"", ""H"", ""H"", ""H"", ""O"", ""C"", ""N"", ""C"", ""C"", ""C"", ""C"", ""C"", ""C"", ""N"", ""C"", ""C"", ""C"", ""C"", ""N"", ""C"", ""O"", ""N"", ""C"", ""C"", ""C"", ""C"", ""C"", ""C"", ""C"", ""N"", ""C"", ""O"", ""N"", ""C"", ""C"", ""C"", ""H"", ""H"", ""H"", ""H"", ""H"", ""H"", ""H"", ""H"", ""H"", ""H"", ""H"", ""H"", ""H"", ""H"", ""O"", ""C"", ""N"", ""C"", ""C"", ""C"", ""C"", ""C"", ""C"", ""N"", ""C"", ""C"", ""C"", ""C"", ""N"", ""C"", ""O"", ""N"", ""C"", ""C"", ""C"", ""C"", ""C"", ""C"", ""C"", ""N"", ""C"", ""O"", ""N"", ""C"", ""C"", ""C"", ""H"", ""H"", ""H"", ""H"", ""H"", ""H"", ""H"", ""H"", ""H"", ""H"", ""H"", ""H"", ""H"", ""H""]",C92H56N24O12,"[true, true, true]","[14.867661887553872, 0.0, 0.0, 0.0, 14.867661887553872, 0.0, 0.0, 0.0, 14.116075810750154]",3120.321432723946,[],"{""cutoff=4.500_skin=0.000"": 4236, ""cutoff=4.500_skin=0.250"": 5044, ""cutoff=4.500_skin=0.500"": 5624, ""cutoff=4.500_skin=1.000"": 7140, ""cutoff=5.000_skin=0.000"": 5624, ""cutoff=5.000_skin=0.250"": 6340, ""cutoff=5.000_skin=0.500"": 7140, ""cutoff=5.000_skin=1.000"": 9244, ""cutoff=6.000_skin=0.000"": 9244, ""cutoff=6.000_skin=0.250"": 10396, ""cutoff=6.000_skin=0.500"": 11856, ""cutoff=6.000_skin=1.000"": 15232}",0.0,,
