batch,cell_rmsd_A,convergence_match,distribution,energy_error_eV_per_atom,force_error_eV_per_A,memory_gate_fraction,method,model,neighbor_fraction,neighbor_rebuilds,neighbor_time_s,observed_backend,peak_allocated_GB,peak_reserved_GB,pool,position_rmsd_A,requested_backend,source,speedup_vs_ase,speedup_vs_matscipy,status,step_difference,task,throughput_per_s,validation_passed,velocity_rmsd_A_per_fs,wall_time_s,workload
1,,,H276,,,,ase_b1,AtomBit,0.0,,0.0,,0.539405312,1.002438656,256,,ase,runs/direct_backend_frontier/eval/atombit_h276_r256.json,1.0,,passed,,eval,38.525823523304716,True,,6.644893647637218,EVAL-H276-R256-v1
16,,,H276,2.073205010951231e-07,9.000301361083984e-06,0.13697688222189675,native_batch,AtomBit,0.6816975127617161,16,2.1879579772949223,matscipy,6.206090752,11.645485056,256,,matscipy,runs/direct_backend_frontier/eval/atombit_h276_r256.json,2.070335682479989,1.0,passed,,eval,79.76138713722467,True,,3.2095730677247047,EVAL-H276-R256-v1
32,,,H276,1.7967777470060525e-07,8.046627044677734e-06,0.16065738049904799,native_batch,AtomBit,0.6980534685412504,8,2.215408538818359,matscipy,12.18284288,13.658750976,256,,matscipy,runs/direct_backend_frontier/eval/atombit_h276_r256.json,2.0937407153332233,1.0,passed,,eval,80.66308530248553,True,,3.173694621771574,EVAL-H276-R256-v1
16,,,H276,2.211418679995615e-07,7.867813110351562e-06,0.1320927794522343,native_batch,AtomBit,0.2185392101286947,16,0.27322921705245967,cuda_dense,6.205623296,11.23024896,256,,auto,runs/direct_backend_frontier/eval/atombit_h276_r256.json,5.314840868079653,2.567139673559205,passed,,eval,204.75862133808434,True,,1.2502526063472033,EVAL-H276-R256-v1
32,,,H276,1.934991366621377e-07,8.881092071533203e-06,0.16097805391321773,native_batch,AtomBit,0.15678616354107242,8,0.1698441925048828,cuda_dense,12.18307072,13.686013952,256,,auto,runs/direct_backend_frontier/eval/atombit_h276_r256.json,6.134018283383642,2.9296933657840247,passed,,eval,236.31810587436271,True,,1.0832855952903628,EVAL-H276-R256-v1
1,,,H276,,,,ase_b1,AtomBit,0.0,,0.0,,0.539405312,1.002438656,32,,ase,runs/direct_backend_frontier/eval/atombit_h276_r32.json,1.0,,passed,,eval,39.275097938849115,True,,0.8147656321525574,EVAL-H276-R32-v1
16,,,H276,1.5203502935828114e-07,5.245208740234375e-06,0.13697688222189675,native_batch,AtomBit,0.6799443695651541,2,0.27614799880981444,matscipy,6.2049664,11.645485056,32,,matscipy,runs/direct_backend_frontier/eval/atombit_h276_r32.json,2.006153607793719,1.0,passed,,eval,78.79187942647381,True,,0.4061332237906754,EVAL-H276-R32-v1
32,,,H276,2.4878460592752666e-07,5.066394805908203e-06,0.16065738049904799,native_batch,AtomBit,0.6976477238527713,1,0.27945379638671874,matscipy,12.171500032,13.658750976,32,,matscipy,runs/direct_backend_frontier/eval/atombit_h276_r32.json,2.0340370969879245,1.0,passed,,eval,79.88700619545307,True,,0.4005657681263983,EVAL-H276-R32-v1
16,,,H276,1.7967777717205827e-07,4.5299530029296875e-06,0.1320927794522343,native_batch,AtomBit,0.4118006860323875,2,0.08688889837265015,cuda_dense,6.204102656,11.23024896,32,,auto,runs/direct_backend_frontier/eval/atombit_h276_r32.json,3.8614949960240987,1.9248251883716938,passed,,eval,151.66059415922223,True,,0.21099745901301503,EVAL-H276-R32-v1
32,,,H276,1.5203503182973413e-07,6.020069122314453e-06,0.16097805391321773,native_batch,AtomBit,0.1599617513008653,1,0.02174835205078125,cuda_dense,12.172193792,13.686013952,32,,auto,runs/direct_backend_frontier/eval/atombit_h276_r32.json,5.992699452103907,2.9462095165216566,passed,,eval,235.36385789946837,True,,0.13595970207825303,EVAL-H276-R32-v1
1,,,H46,,,,ase_b1,AtomBit,0.0,,0.0,,0.153703936,0.16777216,256,,ase,runs/direct_backend_frontier/eval/atombit_h46_r256.json,1.0,,passed,,eval,47.99862550223515,True,,5.333486059680581,EVAL-H46-R256-v1
64,,,H46,1.0366024807610855e-07,6.079673767089844e-06,0.059595920664163964,native_batch,AtomBit,0.7131444873247308,4,0.6949316101074219,matscipy,4.619163648,5.066719232,256,,matscipy,runs/direct_backend_frontier/eval/atombit_h46_r256.json,5.473266903338241,1.0,passed,,eval,262.7092883671105,True,,0.974461168050766,EVAL-H46-R256-v1
128,,,H46,9.329422660495924e-08,8.58306884765625e-06,0.11874783198563135,native_batch,AtomBit,0.7259684759886071,2,0.6941700134277343,matscipy,9.127479808,10.095689728,256,,matscipy,runs/direct_backend_frontier/eval/atombit_h46_r256.json,5.577801794309106,1.0,passed,,eval,267.72681945073805,True,,0.9561985628679395,EVAL-H46-R256-v1
64,,,H46,1.0366024807610855e-07,6.67572021484375e-06,0.06031126904961958,native_batch,AtomBit,0.3317294556656129,4,0.12610962963104247,cuda_dense,4.620440576,5.12753664,256,,auto,runs/direct_backend_frontier/eval/atombit_h46_r256.json,14.029653663675964,2.5633052272892143,passed,,eval,673.4040921288439,True,,0.38015807000920177,EVAL-H46-R256-v1
128,,,H46,1.0366025178328804e-07,6.198883056640625e-06,0.1185011601285777,native_batch,AtomBit,0.18858090083902707,2,0.0555959997177124,cuda_dense,9.126449664,10.074718208,256,,auto,runs/direct_backend_frontier/eval/atombit_h46_r256.json,18.091114663894064,3.2434129664399305,passed,,eval,868.3486376702458,True,,0.2948124622926116,EVAL-H46-R256-v1
1,,,H46,,,,ase_b1,AtomBit,0.0,,0.0,,0.153703936,0.16777216,32,,ase,runs/direct_backend_frontier/eval/atombit_h46_r32.json,1.0,,passed,,eval,48.294514470641516,True,,0.662601132877171,EVAL-H46-R32-v1
16,,,H46,8.292820142663043e-08,4.76837158203125e-06,0.016625683165416606,native_batch,AtomBit,0.32448376058681405,2,0.08778163146972656,matscipy,1.22142208,1.413480448,32,,matscipy,runs/direct_backend_frontier/eval/atombit_h46_r32.json,2.449297236395252,1.0,passed,,eval,118.28762082599278,True,,0.2705270405858755,EVAL-H46-R32-v1
32,,,H46,1.3475831990391549e-07,5.364418029785156e-06,0.03053797590324296,native_batch,AtomBit,0.3103891206437201,1,0.08770512008666992,matscipy,2.333043712,2.596274176,32,,matscipy,runs/direct_backend_frontier/eval/atombit_h46_r32.json,2.3449507026276364,1.0,passed,,eval,113.24825564099139,True,,0.2825650586746633,EVAL-H46-R32-v1
16,,,H46,1.2439229472558666e-07,3.814697265625e-06,0.016625683165416606,native_batch,AtomBit,0.62472956911912,2,0.09008102750778199,cuda_dense,1.22142208,1.413480448,32,,auto,runs/direct_backend_frontier/eval/atombit_h46_r32.json,4.595268634168671,1.8761580121372892,passed,,eval,221.926267549344,True,,0.1441920343786478,EVAL-H46-R32-v1
32,,,H46,1.3475831990391549e-07,4.76837158203125e-06,0.03053797590324296,native_batch,AtomBit,0.27198731902471185,1,0.015297024250030516,cuda_dense,2.333043712,2.596274176,32,,auto,runs/direct_backend_frontier/eval/atombit_h46_r32.json,11.78131790656206,5.024121783609564,passed,,eval,568.9730281216895,True,,0.056241681799292564,EVAL-H46-R32-v1
1,,,MIX,,,,ase_b1,AtomBit,0.0,,0.0,,0.539405312,0.98566144,256,,ase,runs/direct_backend_frontier/eval/atombit_mix_r256.json,1.0,,passed,,eval,43.892571213356035,True,,5.832422045990825,EVAL-MIX-R256-v1
32,,,MIX,2.073205151000234e-07,8.52346420288086e-06,0.16038604145628896,native_batch,AtomBit,0.69685887943613,8,1.436753631591797,matscipy,7.3476608,13.635682304,256,,matscipy,runs/direct_backend_frontier/eval/atombit_mix_r256.json,2.8288601483225597,1.0,passed,,eval,124.16594551287287,True,,2.061756941024214,EVAL-MIX-R256-v1
64,,,MIX,1.9349913007159636e-07,9.357929229736328e-06,0.19647413414323928,native_batch,AtomBit,0.7086064471371146,4,1.437558792114258,matscipy,14.434113536,16.70381568,256,,matscipy,runs/direct_backend_frontier/eval/atombit_mix_r256.json,2.8749376282102377,1.0,passed,,eval,126.18840458017478,True,,2.028712549712509,EVAL-MIX-R256-v1
32,,,MIX,1.6585640285326086e-07,7.987022399902344e-06,0.1519005295736431,native_batch,AtomBit,0.2887280601650855,8,0.24171494102478028,cuda_dense,7.348221952,12.914262016,256,,auto,runs/direct_backend_frontier/eval/atombit_mix_r256.json,6.966817592092373,2.4627649395193734,passed,,eval,305.79153729137613,True,,0.8371716309338808,EVAL-MIX-R256-v1
64,,,MIX,1.658564110914375e-07,1.0788440704345703e-05,0.18872863783175436,native_batch,AtomBit,0.18962743647661542,4,0.13273891258239745,cuda_dense,14.43450624,16.045309952,256,,auto,runs/direct_backend_frontier/eval/atombit_mix_r256.json,8.332049882843487,2.8981671814669996,passed,,eval,365.7150928359425,True,,0.6999984551221132,EVAL-MIX-R256-v1
1,,,MIX,,,,ase_b1,AtomBit,0.0,,0.0,,0.51887616,0.98566144,32,,ase,runs/direct_backend_frontier/eval/atombit_mix_r32.json,1.0,,passed,,eval,41.08039296846667,True,,0.7789604160934687,EVAL-MIX-R32-v1
16,,,MIX,1.243923079066693e-07,3.814697265625e-06,0.057523877064913236,native_batch,AtomBit,0.6964256030563465,2,0.21752627563476562,matscipy,3.714354688,4.890558464,32,,matscipy,runs/direct_backend_frontier/eval/atombit_mix_r32.json,2.4938963164421257,1.0,passed,,eval,102.45024070205403,True,,0.31234675273299217,EVAL-MIX-R32-v1
32,,,MIX,1.7967776975769928e-07,4.291534423828125e-06,0.09294595573781865,native_batch,AtomBit,0.730799097975517,1,0.21700960540771486,matscipy,7.166252032,7.902068736,32,,matscipy,runs/direct_backend_frontier/eval/atombit_mix_r32.json,2.623218305799023,1.0,passed,,eval,107.76283884429924,True,,0.29694837611168623,EVAL-MIX-R32-v1
16,,,MIX,1.2439230213994565e-07,3.814697265625e-06,0.04864369021098152,native_batch,AtomBit,0.558696866326621,2,0.1087354860305786,cuda_dense,3.715260928,4.135583744,32,,auto,runs/direct_backend_frontier/eval/atombit_mix_r32.json,4.002398474969928,1.6048776561328264,passed,,eval,164.42010216815635,True,,0.1946234041824937,EVAL-MIX-R32-v1
32,,,MIX,1.9349914654794967e-07,5.245208740234375e-06,0.09289662136640792,native_batch,AtomBit,0.23945960292462734,1,0.02396751976013184,cuda_dense,7.168346624,7.897874432,32,,auto,runs/direct_backend_frontier/eval/atombit_mix_r32.json,7.782597189802774,2.966812625772761,passed,,eval,319.7121508723823,True,,0.10009003384038806,EVAL-MIX-R32-v1
1,,,H276,,,,ase_b1,MACE-OFF-Small,0.0,,0.0,,0.507159552,0.645922816,256,,ase,runs/direct_backend_frontier/eval/mace_h276_r256.json,1.0,,passed,,eval,31.386214800230377,True,,8.156447078101337,EVAL-H276-R256-v1
32,,,H276,9.49037949676099e-13,8.881784197001252e-15,0.17548235910797289,native_batch,MACE-OFF-Small,0.522571857042943,8,0.9552578849792479,matscipy,13.461727744,14.919139328,256,,matscipy,runs/direct_backend_frontier/eval/mace_h276_r256.json,4.46196756237034,1.0,passed,,eval,140.04427234421584,True,,1.8279933603480458,EVAL-H276-R256-v1
64,,,H276,8.435892886009769e-13,8.659739592076221e-15,0.3421585329191301,native_batch,MACE-OFF-Small,0.5280512990113299,4,0.954780860900879,matscipy,26.82661632,29.089595392,256,,matscipy,runs/direct_backend_frontier/eval/mace_h276_r256.json,4.51100629608841,1.0,passed,,eval,141.58341257422245,True,,1.8081214129924774,EVAL-H276-R256-v1
32,,,H276,7.381406275258548e-13,8.881784197001252e-15,0.1742983341941153,native_batch,MACE-OFF-Small,0.19074178695540933,8,0.19982054233551025,cuda_dense,13.46096128,14.818476032,256,,auto,runs/direct_backend_frontier/eval/mace_h276_r256.json,7.785862618028728,1.7449393141470146,passed,,eval,244.3687565345337,True,,1.0475970972329378,EVAL-H276-R256-v1
64,,,H276,8.435892886009769e-13,8.881784197001252e-15,0.34773331688854286,native_batch,MACE-OFF-Small,0.15204600956588127,4,0.14609875297546385,cuda_dense,26.827638272,29.563551744,256,,auto,runs/direct_backend_frontier/eval/mace_h276_r256.json,8.48847238736442,1.8817247926975753,passed,,eval,266.421017675644,True,,0.9608851517550647,EVAL-H276-R256-v1
1,,,H276,,,,ase_b1,MACE-OFF-Small,0.0,,0.0,,0.507159552,0.645922816,32,,ase,runs/direct_backend_frontier/eval/mace_h276_r32.json,1.0,,passed,,eval,9.911784357503674,True,,3.2284802459180355,EVAL-H276-R32-v1
16,,,H276,4.2179464430048846e-13,7.993605777301127e-15,0.0878398482968079,native_batch,MACE-OFF-Small,0.49708353526566773,2,0.12112822532653808,matscipy,6.768324096,7.467958272,32,,matscipy,runs/direct_backend_frontier/eval/mace_h276_r32.json,13.248971243903027,1.0,passed,,eval,131.32094592833403,True,,0.24367780610919,EVAL-H276-R32-v1
32,,,H276,7.381406275258548e-13,7.993605777301127e-15,0.1742983341941153,native_batch,MACE-OFF-Small,0.5217725691714458,1,0.12037430191040038,matscipy,13.451720704,14.818476032,32,,matscipy,runs/direct_backend_frontier/eval/mace_h276_r32.json,13.994120054675642,1.0,passed,,eval,138.7067002549625,True,,0.23070262605324388,EVAL-H276-R32-v1
16,,,H276,6.326919664507327e-13,7.993605777301127e-15,0.09738604916478451,native_batch,MACE-OFF-Small,0.29519498417991624,2,0.0473316478729248,cuda_dense,6.7687808,8.279556096,32,,auto,runs/direct_backend_frontier/eval/mace_h276_r32.json,20.135178426021177,1.5197541043261815,passed,,eval,199.57554655858218,True,,0.16034028492867947,EVAL-H276-R32-v1
32,,,H276,7.381406275258548e-13,7.549516567451064e-15,0.1742983341941153,native_batch,MACE-OFF-Small,0.16580962384262243,1,0.021054240226745603,cuda_dense,13.452836864,14.818476032,32,,auto,runs/direct_backend_frontier/eval/mace_h276_r32.json,25.425429243416165,1.8168651650891872,passed,,eval,252.0113718577088,True,,0.12697839690372348,EVAL-H276-R32-v1
1,,,H46,,,,ase_b1,MACE-OFF-Small,0.0,,0.0,,0.145898496,0.176160768,256,,ase,runs/direct_backend_frontier/eval/mace_h46_r256.json,1.0,,passed,,eval,32.36708595218757,True,,7.909269323106855,EVAL-H46-R256-v1
128,,,H46,1.2653839329014653e-12,7.549516567451064e-15,0.11608377592945185,native_batch,MACE-OFF-Small,0.5446697204770451,2,0.2760019836425781,matscipy,9.061288448,9.869197312,256,,matscipy,runs/direct_backend_frontier/eval/mace_h46_r256.json,15.608364311515418,1.0,passed,,eval,505.1972692438765,True,,0.5067327469587326,EVAL-H46-R256-v1
256,,,H46,1.2653839329014653e-12,7.993605777301127e-15,0.23090952538793003,native_batch,MACE-OFF-Small,0.5559132841454071,1,0.2765190124511719,matscipy,18.038731776,19.631439872,256,,matscipy,runs/direct_backend_frontier/eval/mace_h46_r256.json,15.900779644854465,1.0,passed,,eval,514.6619014717991,True,,0.49741393188014627,EVAL-H46-R256-v1
128,,,H46,1.2653839329014653e-12,7.105427357601002e-15,0.11615777748656794,native_batch,MACE-OFF-Small,0.27191670033882326,2,0.07908860874176026,cuda_dense,9.05992448,9.875488768,256,,auto,runs/direct_backend_frontier/eval/mace_h46_r256.json,27.19307433327885,1.7422116623211157,passed,,eval,880.1605742494623,True,,0.2908560181967914,EVAL-H46-R256-v1
256,,,H46,1.2653839329014653e-12,7.993605777301127e-15,0.2308355238308139,native_batch,MACE-OFF-Small,0.18595181900908136,1,0.04584947204589844,cuda_dense,18.03855616,19.625148416,256,,auto,runs/direct_backend_frontier/eval/mace_h46_r256.json,32.07764347192769,2.01736293366647,passed,,eval,1038.2598433995122,True,,0.24656640784814954,EVAL-H46-R256-v1
1,,,H46,,,,ase_b1,MACE-OFF-Small,0.0,,0.0,,0.145898496,0.176160768,32,,ase,runs/direct_backend_frontier/eval/mace_h46_r32.json,1.0,,passed,,eval,10.05863347774631,True,,3.181346658151597,EVAL-H46-R32-v1
16,,,H46,1.2653839329014653e-12,5.329070518200751e-15,0.017464367479399046,native_batch,MACE-OFF-Small,0.381276544723259,2,0.0347994556427002,matscipy,1.19856384,1.484783616,32,,matscipy,runs/direct_backend_frontier/eval/mace_h46_r32.json,34.856087228518774,1.0,passed,,eval,350.6046059000245,True,,0.09127090591937304,EVAL-H46-R32-v1
32,,,H46,1.2653839329014653e-12,7.105427357601002e-15,0.030093966560546376,native_batch,MACE-OFF-Small,0.45202638594488914,1,0.03642534255981445,matscipy,2.323390464,2.55852544,32,,matscipy,runs/direct_backend_frontier/eval/mace_h46_r32.json,39.479453898358685,1.0,passed,,eval,397.10935666517275,True,,0.08058233698830009,EVAL-H46-R32-v1
16,,,H46,1.1072109412887823e-12,7.549516567451064e-15,0.017415033107988313,native_batch,MACE-OFF-Small,0.43477186967742054,2,0.047549567699432374,cuda_dense,1.19856384,1.480589312,32,,auto,runs/direct_backend_frontier/eval/mace_h46_r32.json,29.088803570197232,0.8345401300923178,passed,,eval,292.5936134187723,True,,0.10936670703813434,EVAL-H46-R32-v1
32,,,H46,1.2653839329014653e-12,5.773159728050814e-15,0.030093966560546376,native_batch,MACE-OFF-Small,0.29470365575990565,1,0.014035071849822998,cuda_dense,2.323390464,2.55852544,32,,auto,runs/direct_backend_frontier/eval/mace_h46_r32.json,66.80083297248373,1.6920404508244962,passed,,eval,671.9250948783645,True,,0.04762435611337423,EVAL-H46-R32-v1
1,,,MIX,,,,ase_b1,MACE-OFF-Small,0.0,,0.0,,0.50588416,0.6815744,256,,ase,runs/direct_backend_frontier/eval/mace_mix_r256.json,1.0,,passed,,eval,33.2152205806362,True,,7.707309947814792,EVAL-MIX-R256-v1
64,,,MIX,1.2653839329014653e-12,8.881784197001252e-15,0.20429363201184023,native_batch,MACE-OFF-Small,0.5299240832765939,4,0.6102583694458009,matscipy,15.696666624,17.368612864,256,,matscipy,runs/direct_backend_frontier/eval/mace_mix_r256.json,6.692721252366316,1.0,passed,,eval,222.3002126820589,True,,1.1515958392992616,EVAL-MIX-R256-v1
128,,,MIX,1.2653839329014653e-12,9.325873406851315e-15,0.39748703045626577,native_batch,MACE-OFF-Small,0.536393165395267,2,0.611568603515625,matscipy,31.32153856,33.793507328,256,,matscipy,runs/direct_backend_frontier/eval/mace_mix_r256.json,6.759909445686879,1.0,passed,,eval,224.53188334361585,True,,1.1401498806662858,EVAL-MIX-R256-v1
64,,,MIX,1.2653839329014653e-12,9.769962616701378e-15,0.20101289631302655,native_batch,MACE-OFF-Small,0.2285831053297101,4,0.1538187828063965,cuda_dense,15.696666112,17.089691648,256,,auto,runs/direct_backend_frontier/eval/mace_mix_r256.json,11.453483179798045,1.7113342611943518,passed,,eval,380.42997023359857,True,,0.6729227979667485,EVAL-MIX-R256-v1
128,,,MIX,1.2653839329014653e-12,8.881784197001252e-15,0.400397758369499,native_batch,MACE-OFF-Small,0.17449034451957063,2,0.10669836616516112,cuda_dense,31.320820736,34.040971264,256,,auto,runs/direct_backend_frontier/eval/mace_mix_r256.json,12.604233939548685,1.8645566247327092,passed,,eval,418.6524105520508,True,,0.6114857899956405,EVAL-MIX-R256-v1
1,,,MIX,,,,ase_b1,MACE-OFF-Small,0.0,,0.0,,0.50588416,0.6815744,32,,ase,runs/direct_backend_frontier/eval/mace_mix_r32.json,1.0,,passed,,eval,8.772013168440159,True,,3.6479653399437666,EVAL-MIX-R32-v1
16,,,MIX,1.2653839329014653e-12,6.661338147750939e-15,0.05313311800935811,native_batch,MACE-OFF-Small,0.5188583569891515,2,0.08596208000183106,matscipy,3.988194816,4.517265408,32,,matscipy,runs/direct_backend_frontier/eval/mace_mix_r32.json,22.018747133576532,1.0,passed,,eval,193.14873980828733,True,,0.16567542729899287,EVAL-MIX-R32-v1
32,,,MIX,1.2653839329014653e-12,7.993605777301127e-15,0.10019810833519621,native_batch,MACE-OFF-Small,0.537861184380599,1,0.08645257568359375,matscipy,7.881865216,8.518631424,32,,matscipy,runs/direct_backend_frontier/eval/mace_mix_r32.json,22.69566803310268,1.0,passed,,eval,199.08669885292306,True,,0.1607339926995337,EVAL-MIX-R32-v1
16,,,MIX,1.2653839329014653e-12,6.217248937900877e-15,0.051603752495625425,native_batch,MACE-OFF-Small,0.44053721076611946,2,0.06072969627380371,cuda_dense,3.988194816,4.387241984,32,,auto,runs/direct_backend_frontier/eval/mace_mix_r32.json,26.462580490848385,1.2018204455645625,passed,,eval,232.13010453662966,True,,0.1378537267446518,EVAL-MIX-R32-v1
32,,,MIX,1.2653839329014653e-12,7.105427357601002e-15,0.10162880510610744,native_batch,MACE-OFF-Small,0.25425170186237717,1,0.02389577579498291,cuda_dense,7.882274816,8.64026624,32,,auto,runs/direct_backend_frontier/eval/mace_mix_r32.json,38.814450050640474,1.7102140370588699,passed,,eval,340.48086696998104,True,,0.09398472309112549,EVAL-MIX-R32-v1
1,,,H276,,,,ase_b1,AtomBit,0.0,,0.0,,0.563341312,1.241513984,32,,ase,runs/direct_backend_frontier/nve/atombit_h276_r32.json,1.0,,passed,,nve,61.0660666500726,True,,524.0226160851307,MD-NVE-H276-R32-v1
16,,,H276,3.0130579876390255e-06,0.009158134460449219,0.5454408103170504,native_batch,AtomBit,0.10742391824477984,1439,14.906314574956887,matscipy,6.486899712,46.372225024,32,2.7728965489708733e-05,matscipy,runs/direct_backend_frontier/nve/atombit_h276_r32.json,3.7764239031502895,1.0,passed,,nve,230.61135376870288,True,7.037342837773523e-06,138.76159814791754,MD-NVE-H276-R32-v1
32,,,H276,3.5935553951539854e-06,0.00989443063735962,0.8542986425339365,native_batch,AtomBit,0.11366732689128017,927,15.060478573799129,matscipy,12.455195648,72.630665216,32,2.645421228006093e-05,matscipy,runs/direct_backend_frontier/nve/atombit_h276_r32.json,3.955003800782062,1.0,passed,,nve,241.51652569984785,True,6.043613894808151e-06,132.49610935430974,MD-NVE-H276-R32-v1
16,,,H276,2.0593836662898695e-06,0.005152225494384766,0.533477225249948,native_batch,AtomBit,0.059298668392502314,1442,7.809452799081801,"cuda_dense,matscipy",6.487279104,45.355106304,32,2.4613719290069922e-05,auto,runs/direct_backend_frontier/nve/atombit_h276_r32.json,3.9790039252247267,1.0536433481171024,passed,,nve,242.98211889867366,True,6.386305647327379e-06,131.69693368813023,MD-NVE-H276-R32-v1
32,,,H276,3.496805825999099e-06,0.008870720863342285,0.8550386581050976,native_batch,AtomBit,0.040241001313577204,927,4.888374199390417,"cuda_dense,matscipy",12.454510592,72.693579776,32,2.968334776703582e-05,auto,runs/direct_backend_frontier/nve/atombit_h276_r32.json,4.313743981558428,1.0907053946965686,passed,,nve,263.4233774891965,True,6.557539195561218e-06,121.47744936309755,MD-NVE-H276-R32-v1
1,,,H46,,,,ase_b1,AtomBit,0.0,,0.0,,0.154530816,0.559939584,32,,ase,runs/direct_backend_frontier/nve/atombit_h46_r32.json,1.0,,passed,,nve,69.78162859802471,True,,458.57341886265203,MD-NVE-H46-R32-v1
16,,,H46,3.1720037045686142e-06,0.0032044053077697754,0.02629521996192003,native_batch,AtomBit,0.05720968972955685,1251,3.190853601813319,matscipy,1.230965248,2.235564032,32,1.401925195008875e-05,matscipy,runs/direct_backend_frontier/nve/atombit_h46_r32.json,8.22188864962201,1.0,passed,,nve,573.736780122238,True,5.643203880258004e-06,55.77470559440553,MD-NVE-H46-R32-v1
32,,,H46,2.477480010206225e-06,0.0033656954765319824,0.049827715124839085,native_batch,AtomBit,0.07196534205497655,868,3.142074975490573,matscipy,2.364666368,4.23624704,32,1.23375580181509e-05,matscipy,runs/direct_backend_frontier/nve/atombit_h46_r32.json,10.503057120913633,1.0,passed,,nve,732.9204311554338,True,3.92557815958367e-06,43.66094686370343,MD-NVE-H46-R32-v1
16,,,H46,4.457390834095745e-06,0.0029315948486328125,0.02555520439075905,native_batch,AtomBit,0.056914920920086876,1251,3.173491487979888,"cuda_dense,matscipy",1.232537088,2.172649472,32,1.1391804249270505e-05,auto,runs/direct_backend_frontier/nve/atombit_h46_r32.json,8.224275996793574,1.0002903648143757,passed,,nve,573.9033730958986,True,4.087912958762932e-06,55.758515283465385,MD-NVE-H46-R32-v1
32,,,H46,3.7317690567840107e-06,0.002610504627227783,0.049827715124839085,native_batch,AtomBit,0.06723183622751547,868,2.9037720621824286,"cuda_dense,matscipy",2.364666368,4.23624704,32,1.5284352613115388e-05,auto,runs/direct_backend_frontier/nve/atombit_h46_r32.json,10.617476969626116,1.0108939566257003,passed,,nve,740.9048345425305,True,2.6833905587444457e-06,43.190432169009,MD-NVE-H46-R32-v1
1,,,MIX,,,,ase_b1,AtomBit,0.0,,0.0,,0.537895936,0.887095296,32,,ase,runs/direct_backend_frontier/nve/atombit_mix_r32.json,1.0,,passed,,nve,61.76221879427211,True,,518.116101149004,MD-NVE-MIX-R32-v1
16,,,MIX,5.348868984603304e-06,0.024274051189422607,0.051801089981268346,native_batch,AtomBit,0.12470336488061005,1389,11.938569347620003,matscipy,3.7316864,4.4040192,32,5.195940341356448e-05,matscipy,runs/direct_backend_frontier/nve/atombit_mix_r32.json,5.411940018171751,1.0,passed,,nve,334.2534235038006,True,1.1508269563008888e-05,95.73574345046654,MD-NVE-MIX-R32-v1
32,,,MIX,2.4152838665506113e-06,0.005613774061203003,0.09336529789480986,native_batch,AtomBit,0.13471810475036153,897,11.947337682127962,matscipy,7.196781568,7.93772032,32,1.9998935964098953e-05,matscipy,runs/direct_backend_frontier/nve/atombit_mix_r32.json,5.8422739060815,1.0,passed,,nve,360.83179924347235,True,5.2322130400271876e-06,88.6839798130095,MD-NVE-MIX-R32-v1
16,,,MIX,2.087026398451111e-06,0.01128607988357544,0.04854502146816005,native_batch,AtomBit,0.09012098604945949,1389,8.297717726111408,"cuda_dense,matscipy",3.729527808,4.127195136,32,2.871590235987482e-05,auto,runs/direct_backend_frontier/nve/atombit_mix_r32.json,5.6272261198660605,1.0397798388325519,passed,,nve,347.5499708200105,True,6.719724572074557e-06,92.07309074001387,MD-NVE-MIX-R32-v1
32,,,MIX,2.3219896399456523e-06,0.0055367350578308105,0.09388330879462255,native_batch,AtomBit,0.07623114041695281,899,6.314259109616274,"cuda_dense,matscipy",7.196540928,7.981760512,32,2.6796955619461962e-05,auto,runs/direct_backend_frontier/nve/atombit_mix_r32.json,6.25514103449171,1.0706689099222884,passed,,nve,386.33138916130656,True,6.687042749408315e-06,82.83044271776453,MD-NVE-MIX-R32-v1
1,,,H276,,,,ase_b1,MACE-OFF-Small,0.0,,0.0,,0.508911104,0.738197504,32,,ase,runs/direct_backend_frontier/nve/mace_h276_r32.json,1.0,,passed,,nve,46.56241658885448,True,,687.2495532729663,MD-NVE-H276-R32-v1
16,,,H276,6.508713156200837e-09,6.031441746490174e-06,0.10236882067726841,native_batch,MACE-OFF-Small,0.07383220818571094,1472,9.002812766551967,matscipy,6.825296384,8.7031808,32,2.090465137734081e-08,matscipy,runs/direct_backend_frontier/nve/mace_h276_r32.json,5.636144326060455,1.0,passed,,nve,262.43250006493537,True,9.42534980154792e-09,121.93611687608063,MD-NVE-H276-R32-v1
32,,,H276,6.508502258878687e-09,6.031441751819244e-06,0.19092401735953193,native_batch,MACE-OFF-Small,0.07725249453018884,925,8.991773785114283,matscipy,13.517735424,16.23195648,32,2.090464965672271e-08,matscipy,runs/direct_backend_frontier/nve/mace_h276_r32.json,5.904479318973411,1.0,passed,,nve,274.9268257903158,True,9.425349305247945e-09,116.39460757607594,MD-NVE-H276-R32-v1
16,,,H276,6.509134950845138e-09,6.0314456313825815e-06,0.11179168561671818,native_batch,MACE-OFF-Small,0.06818077148616357,1472,8.25087380766869,"cuda_dense,matscipy",6.826045952,9.504292864,32,2.0904651749564762e-08,auto,runs/direct_backend_frontier/nve/mace_h276_r32.json,5.679059677548476,1.0076143102456743,passed,,nve,264.43074253897777,True,9.425348749418498e-09,121.01467360695824,MD-NVE-H276-R32-v1
32,,,H276,6.508713156200837e-09,6.031451331045545e-06,0.2221773416482305,native_batch,MACE-OFF-Small,0.050672241933974474,925,5.7137715787887595,"cuda_dense,matscipy",13.516966912,18.889048064,32,2.0904649148184687e-08,auto,runs/direct_backend_frontier/nve/mace_h276_r32.json,6.0948316103049285,1.0322386244490418,passed,,nve,283.7900884779369,True,9.425349439096993e-09,112.75939963804558,MD-NVE-H276-R32-v1
1,,,H46,,,,ase_b1,MACE-OFF-Small,0.0,,0.0,,0.147961856,0.742391808,32,,ase,runs/direct_backend_frontier/nve/mace_h46_r32.json,1.0,,passed,,nve,54.85707137072401,True,,583.3340934980661,MD-NVE-H46-R32-v1
16,,,H46,1.0183968064982606e-08,5.251639079828507e-06,0.018130381493443922,native_batch,MACE-OFF-Small,0.0372589713470657,1275,1.8026293758153904,matscipy,1.206705152,1.54140672,32,2.4308730603037814e-08,matscipy,runs/direct_backend_frontier/nve/mace_h46_r32.json,12.057069837542045,1.0,passed,,nve,661.4155405998476,True,1.017506039421191e-08,48.381082747131586,MD-NVE-H46-R32-v1
32,,,H46,1.0182702681049705e-08,5.251641139292218e-06,0.03808613472908492,native_batch,MACE-OFF-Small,0.04863363026304851,865,1.7432395206689864,matscipy,2.33634816,3.238002688,32,2.4308726026426056e-08,matscipy,runs/direct_backend_frontier/nve/mace_h46_r32.json,16.274100194864996,1.0,passed,,nve,892.7494758840226,True,1.0175060005606319e-08,35.84432235965505,MD-NVE-H46-R32-v1
16,,,H46,1.0183968064982606e-08,5.251637260617059e-06,0.018944398621720995,native_batch,MACE-OFF-Small,0.03515299929973406,1275,1.82967459076643,matscipy,1.208603648,1.610612736,32,2.430872879325107e-08,auto,runs/direct_backend_frontier/nve/mace_h46_r32.json,11.20742621870199,0.9295315005811343,passed,,nve,614.8065799614585,True,1.0175058664283472e-08,52.04888991592452,MD-NVE-H46-R32-v1
32,,,H46,1.0183968064982606e-08,5.2516398980628765e-06,0.03808613472908492,native_batch,MACE-OFF-Small,0.046623932272351405,865,1.8182955179810538,matscipy,2.33634816,3.238002688,32,2.430872737165434e-08,auto,runs/direct_backend_frontier/nve/mace_h46_r32.json,14.957595725476963,0.9191043158377854,passed,,nve,820.5298962469261,True,1.0175059462401079e-08,38.999188385903835,MD-NVE-H46-R32-v1
1,,,MIX,,,,ase_b1,MACE-OFF-Small,0.0,,0.0,,0.510041088,0.740294656,32,,ase,runs/direct_backend_frontier/nve/mace_mix_r32.json,1.0,,passed,,nve,50.28250467147243,True,,636.4042564919218,MD-NVE-MIX-R32-v1
16,,,MIX,1.130841986235717e-08,5.694418395485457e-06,0.06243264702028105,native_batch,MACE-OFF-Small,0.08270951698565941,1382,6.794701947689058,matscipy,4.010018816,5.307891712,32,2.4224577047547246e-08,matscipy,runs/direct_backend_frontier/nve/mace_mix_r32.json,7.746725179014923,1.0,passed,,nve,389.52474500243096,True,1.0116494532708263e-08,82.15139194764197,MD-NVE-MIX-R32-v1
32,,,MIX,1.130889438133201e-08,5.694421642665759e-06,0.1293300546532333,native_batch,MACE-OFF-Small,0.08795913165158685,901,6.815932089984413,matscipy,7.904497152,10.995367936,32,2.4224577424954217e-08,matscipy,runs/direct_backend_frontier/nve/mace_mix_r32.json,8.212752862174014,1.0,passed,,nve,412.95778415791347,True,1.0116495305614485e-08,77.48976100608706,MD-NVE-MIX-R32-v1
16,,,MIX,1.1309685246290072e-08,5.6944175828022026e-06,0.060015262821155185,native_batch,MACE-OFF-Small,0.0814952940782685,1382,6.708200348556041,"cuda_dense,matscipy",4.015753216,5.102370816,32,2.4224575389251397e-08,auto,runs/direct_backend_frontier/nve/mace_mix_r32.json,7.731425619485984,0.9980250287475818,passed,,nve,388.75544482894566,True,1.011649511520842e-08,82.31395965162665,MD-NVE-MIX-R32-v1
32,,,MIX,1.130889438133201e-08,5.694416258528179e-06,0.13016873896721576,native_batch,MACE-OFF-Small,0.07748075879609982,901,5.940610807776447,"cuda_dense,matscipy",7.904193024,11.066671104,32,2.4224578851582273e-08,auto,runs/direct_backend_frontier/nve/mace_mix_r32.json,8.300339188945806,1.0106646733734304,passed,,nve,417.3618440429732,True,1.0116496287172115e-08,76.67207833379507,MD-NVE-MIX-R32-v1
1,0.0,True,H276,0.0,0.0,0.0067896428654019595,ase,AtomBit,0.0,2367,0.0,,0.577241088,,32,0.0,ase,runs/direct_backend_frontier/optimization/atombit_bfgs_h276_ase.json,1.0,,passed,0,variable_bfgs,0.106013202708218,True,,301.8491959730163,BFGS-H276-R32
16,0.12191559590977206,True,H276,0.004498537035955899,0.014337208122015,0.07419496206456636,active,AtomBit,0.08077699274260496,300,3.0824488368034366,"cuda_dense,matscipy",6.30789888,,32,0.36732657621383136,auto,runs/direct_backend_frontier/optimization/atombit_bfgs_h276_auto.json,7.9100973295500365,1.2960814097186009,passed,78,variable_bfgs,0.8385747516393219,True,,38.15998506685719,BFGS-H276-R32
32,0.12191559590977206,True,H276,0.004498537035955899,0.014337208122015,0.14538994629105736,active,AtomBit,0.040862681456838704,182,1.4125422413349142,"cuda_dense,matscipy",12.360745984,,32,0.44389447690813794,auto,runs/direct_backend_frontier/optimization/atombit_bfgs_h276_auto.json,8.732034470977469,1.3774035059893874,passed,78,variable_bfgs,0.9257109404268816,True,,34.56802615430206,BFGS-H276-R32
16,0.12191559590977206,True,H276,0.004498537035955899,0.014337208122015,0.07419586540388662,active,AtomBit,0.2832986564288308,300,14.011511652231228,matscipy,6.30797568,,32,0.36732657621383136,matscipy,runs/direct_backend_frontier/optimization/atombit_bfgs_h276_matscipy.json,6.1030867893301854,1.0,passed,78,variable_bfgs,0.6470077769431083,True,,49.458447240293026,BFGS-H276-R32
32,0.12191559590977206,True,H276,0.004498537035955899,0.014337208122015,0.14544951850809779,active,AtomBit,0.29730509841710007,182,14.155920757532119,matscipy,12.365810688,,32,0.44389447690813794,matscipy,runs/direct_backend_frontier/optimization/atombit_bfgs_h276_matscipy.json,6.339489069838876,1.0,passed,78,variable_bfgs,0.6720695398273612,True,,47.6141204200685,BFGS-H276-R32
1,0.0,True,H46,0.0,0.0,0.0018794757452188057,ase,AtomBit,0.0,3862,0.0,,0.159789056,,32,0.0,ase,runs/direct_backend_frontier/optimization/atombit_bfgs_h46_ase.json,1.0,,passed,0,variable_bfgs,0.2466401093154112,True,,129.7436985769309,BFGS-H46-R32
16,0.3545827235348112,True,H46,0.00804299893586532,0.007440630346536636,0.014425052225057236,active,AtomBit,0.10681540041043833,545,3.0365770552158353,"cuda_dense,matscipy",1.226387456,,32,0.35709187003417486,auto,runs/direct_backend_frontier/optimization/atombit_bfgs_h46_auto.json,4.563897066409547,1.106564525679472,passed,73,variable_bfgs,1.1256400713635353,True,,28.428270114120096,BFGS-H46-R32
32,0.35499936006384886,True,H46,0.008077890976615574,0.007433280348777771,0.027824350607429448,active,AtomBit,0.09825660138075719,268,1.8323749128580094,"cuda_dense,matscipy",2.365567488,,32,0.35746967055941303,auto,runs/direct_backend_frontier/optimization/atombit_bfgs_h46_auto.json,6.957186972645739,1.2142969952685825,passed,73,variable_bfgs,1.7159213554611,True,,18.648873328696936,BFGS-H46-R32
16,0.3545827235348112,True,H46,0.00804299893586532,0.007440630346536636,0.014425052225057236,active,AtomBit,0.1796073032298134,545,5.650035399079335,matscipy,1.226387456,,32,0.35709187003417486,matscipy,runs/direct_backend_frontier/optimization/atombit_bfgs_h46_matscipy.json,4.124384037710899,1.0,passed,73,variable_bfgs,1.0172385299197533,True,,31.457715234719217,BFGS-H46-R32
32,0.35499936006384886,True,H46,0.008077890976615574,0.007433280348777771,0.02781471498801329,active,AtomBit,0.2472184192797701,268,5.59832806324959,matscipy,2.364748288,,32,0.35746967055941303,matscipy,runs/direct_backend_frontier/optimization/atombit_bfgs_h46_matscipy.json,5.729394867774439,1.0,passed,73,variable_bfgs,1.4130985764990436,True,,22.6452708481811,BFGS-H46-R32
1,0.0,True,H276,0.0,0.0,0.006373293772691884,ase,AtomBit,0.0,2174,0.0,,0.541843968,,32,0.0,ase,runs/direct_backend_frontier/optimization/atombit_fire_h276_ase.json,1.0,,passed,0,variable_fire,0.4429861759320898,True,,72.23701717704535,FIRE-H276-R32
16,4.214453440886711e-06,True,H276,9.674956833106885e-07,0.0006329268217086792,0.07311812739445142,active,AtomBit,0.11252069056971377,234,1.6590886383056638,"cuda_dense,matscipy",6.216348672,,32,4.553652685524721e-05,auto,runs/direct_backend_frontier/optimization/atombit_fire_h276_auto.json,4.899171068857576,1.4928189356336898,passed,0,variable_fire,2.1702650570303463,True,,14.744742766022682,FIRE-H276-R32
32,4.214453440886711e-06,True,H276,9.674956833106885e-07,0.0006329268217086792,0.14329721622137256,active,AtomBit,0.09164658920568096,126,1.0397586588859562,"cuda_dense,matscipy",12.182826496,,32,4.553652685524721e-05,auto,runs/direct_backend_frontier/optimization/atombit_fire_h276_auto.json,6.367127777287908,1.70108124876857,passed,0,variable_fire,2.8205495857317566,True,,11.345306660048664,FIRE-H276-R32
16,4.214453440886711e-06,True,H276,9.674956833106885e-07,0.0006329268217086792,0.07312513730757668,active,AtomBit,0.39427455003412104,234,8.678468277931213,matscipy,6.21694464,,32,4.553652685524721e-05,matscipy,runs/direct_backend_frontier/optimization/atombit_fire_h276_matscipy.json,3.2818253787609653,1.0,passed,0,variable_fire,1.4538032746142022,True,,22.011231202166528,FIRE-H276-R32
32,4.214453440886711e-06,True,H276,9.674956833106885e-07,0.0006329268217086792,0.14331478316002066,active,AtomBit,0.4518851779405334,126,8.721062382221223,matscipy,12.18432,,32,4.553652685524721e-05,matscipy,runs/direct_backend_frontier/optimization/atombit_fire_h276_matscipy.json,3.7429886326106625,1.0,passed,0,variable_fire,1.6580922209174789,True,,19.299288420937955,FIRE-H276-R32
1,0.0,True,H46,0.0,0.0,0.0018219089414693935,ase,AtomBit,0.0,4829,0.0,,0.154894848,,32,0.0,ase,runs/direct_backend_frontier/optimization/atombit_fire_h46_ase.json,1.0,,passed,0,variable_fire,0.21308270171089547,True,,150.17643263889477,FIRE-H46-R32
16,0.0021618311014143057,True,H46,0.00011360126992930536,0.011899720877408981,0.014391851493906434,active,AtomBit,0.11797350775557472,1004,4.896376452922823,"cuda_dense,matscipy",1.2235648,,32,0.003376788896250015,auto,runs/direct_backend_frontier/optimization/atombit_fire_h46_auto.json,3.6183575162104575,1.0253345052697014,passed,16,variable_fire,0.7710093953100495,True,,41.50403379602358,FIRE-H46-R32
32,0.0036463089376332493,False,H46,0.00028324127197265625,0.007903270423412323,0.027562141314067232,active,AtomBit,0.14307838561419153,502,3.268089373230935,"cuda_dense,matscipy",2.343275008,,32,0.008329293250253157,auto,runs/direct_backend_frontier/optimization/atombit_fire_h46_auto.json,6.574790063965945,1.1313756523843548,passed,17,variable_fire,1.4009740300118148,False,,22.84125138260424,FIRE-H46-R32
16,0.0021618311014143057,True,H46,0.00011360126992930536,0.011899720877408981,0.014391851493906434,active,AtomBit,0.16435106068464853,1004,6.994044514536858,matscipy,1.2235648,,32,0.003376788896250015,matscipy,runs/direct_backend_frontier/optimization/atombit_fire_h46_matscipy.json,3.5289532319588663,1.0,passed,16,variable_fire,0.7519588888771915,True,,42.5555179589428,FIRE-H46-R32
32,0.0036463089376332493,False,H46,0.00028324127197265625,0.007903270423412323,0.027557516216747478,active,AtomBit,0.26585492860360505,502,6.870232551813127,matscipy,2.342881792,,32,0.008329293250253157,matscipy,runs/direct_backend_frontier/optimization/atombit_fire_h46_matscipy.json,5.811323630758437,1.0,passed,17,variable_fire,1.2382925397583782,False,,25.84203568426892,FIRE-H46-R32
1,0.0,True,H276,0.0,0.0,0.00601329498677993,ase,MACE-OFF-Small,0.0,2975,0.0,,0.511237632,,32,0.0,ase,runs/direct_backend_frontier/optimization/mace_bfgs_h276_ase.json,1.0,,passed,0,variable_bfgs,0.08708944161592437,True,,367.4383416203782,BFGS-H276-R32
16,0.18689770350471224,True,H276,0.006067198766159245,0.017157789487775094,0.08070965252992823,active,MACE-OFF-Small,0.05946251331744136,473,2.8672193315029144,"cuda_dense,matscipy",6.861764096,,32,0.5844231895624665,auto,runs/direct_backend_frontier/optimization/mace_bfgs_h276_auto.json,7.620207858492564,1.0600533676321624,passed,101,variable_bfgs,0.6636396473933962,True,,48.218939488753676,BFGS-H276-R32
32,0.029813230791059228,True,H276,0.00041609141761369574,0.009183735651013242,0.16037988068212478,active,MACE-OFF-Small,0.04288206865592487,254,1.765519513726235,"cuda_dense,matscipy",13.635158528,,32,0.07521210138491817,auto,runs/direct_backend_frontier/optimization/mace_bfgs_h276_auto.json,8.924577762909662,1.1064147014497463,passed,17,variable_bfgs,0.7772364940296979,True,,41.17150988895446,BFGS-H276-R32
16,0.18689770350471224,True,H276,0.006067198766159245,0.017157789487775094,0.08071023668935534,active,MACE-OFF-Small,0.10980950307773835,473,5.612874227404594,matscipy,6.86181376,,32,0.5844231895624665,matscipy,runs/direct_backend_frontier/optimization/mace_bfgs_h276_matscipy.json,7.18851341938925,1.0,passed,101,variable_bfgs,0.6260436197431889,True,,51.11464918870479,BFGS-H276-R32
32,0.029813230791059228,True,H276,0.00041609141761369574,0.009183735651013242,0.1603519012522451,active,MACE-OFF-Small,0.12832829086867212,254,5.84570832562447,matscipy,13.632779776,,32,0.07521210138491817,matscipy,runs/direct_backend_frontier/optimization/mace_bfgs_h276_matscipy.json,8.066214007474501,1.0,passed,17,variable_bfgs,0.7024820738655019,True,,45.552763822022825,BFGS-H276-R32
1,0.0,True,H46,0.0,0.0,0.0017407047588397172,ase,MACE-OFF-Small,0.0,4675,0.0,,0.14799104,,32,0.0,ase,runs/direct_backend_frontier/optimization/mace_bfgs_h46_ase.json,1.0,,passed,0,variable_bfgs,0.1849532917692263,True,,173.01665568584576,BFGS-H46-R32
16,4.925457929030766e-06,True,H46,1.3320538488662114e-08,2.4027461273619377e-05,0.014126022821001026,active,MACE-OFF-Small,0.08745131554099632,496,2.6726739560365695,"cuda_dense,matscipy",1.200964608,,32,8.634162646301206e-06,auto,runs/direct_backend_frontier/optimization/mace_bfgs_h46_auto.json,5.6611971378164565,0.9976911733180109,passed,0,variable_bfgs,1.047057045993676,True,,30.561849636025727,BFGS-H46-R32
32,4.8419665242797035e-06,True,H46,1.3101152549295322e-08,2.4045857660748293e-05,0.027408465228903774,active,MACE-OFF-Small,0.09403019013963629,264,1.8473751674890522,"cuda_dense,matscipy",2.330209792,,32,8.488558358418792e-06,auto,runs/direct_backend_frontier/optimization/mace_bfgs_h46_auto.json,8.806434836718392,1.0439258218817642,passed,0,variable_bfgs,1.6287791118022554,True,,19.64661737624556,BFGS-H46-R32
16,4.925457929030766e-06,True,H46,1.3320538488662114e-08,2.4027461273619377e-05,0.014126022821001026,active,MACE-OFF-Small,0.0886847702962099,496,2.7041128388047224,matscipy,1.200964608,,32,8.634162646301206e-06,matscipy,runs/direct_backend_frontier/optimization/mace_bfgs_h46_matscipy.json,5.674298108691364,1.0,passed,0,variable_bfgs,1.0494801136823628,True,,30.491287622135133,BFGS-H46-R32
32,4.8419665242797035e-06,True,H46,1.3101152549295322e-08,2.4045857660748293e-05,0.027408465228903774,active,MACE-OFF-Small,0.1286168630775054,264,2.63788185441494,matscipy,2.330209792,,32,8.488558358418792e-06,matscipy,runs/direct_backend_frontier/optimization/mace_bfgs_h46_matscipy.json,8.435881795551385,1.0,passed,0,variable_bfgs,1.56024410706332,True,,20.509611191693693,BFGS-H46-R32
